global_step,grad_norm,loss,train/accuracy,train/loss,train/bleu,validation/accuracy,validation/loss,validation/bleu,validation/num_examples,test/accuracy,test/loss,test/bleu,test/num_examples,score,total_duration,accumulated_submission_time,accumulated_eval_time,accumulated_logging_time,preemption_count
0,5.1012225,11.124529,,,,,,,,,,,,,,,,,
1,,,0.0004949469584971,11.142967224121094,0.0,0.0004835649742744,11.13435173034668,0.0,3000.0,0.0007088489946909,11.125863075256348,0.0,3003.0,61.88168597221375,977.1412358283995,61.88168597221375,915.2593765258788,0.0,0.0
100,0.46569666,8.073012,,,,,,,,,,,,,,,,,
200,0.41450378,7.238992,,,,,,,,,,,,,,,,,
300,0.4488406,6.64089,,,,,,,,,,,,,,,,,
400,0.4940711,6.14281,,,,,,,,,,,,,,,,,
500,0.54872894,5.717477,,,,,,,,,,,,,,,,,
600,0.41974363,5.40565,,,,,,,,,,,,,,,,,
700,0.38969395,5.1936436,,,,,,,,,,,,,,,,,
800,0.47287628,4.9893246,,,,,,,,,,,,,,,,,
900,0.40950742,4.699984,,,,,,,,,,,,,,,,,
1000,0.45106888,4.459386,,,,,,,,,,,,,,,,,
1100,0.4729389,4.2775846,,,,,,,,,,,,,,,,,
1200,0.4405984,3.9382505,,,,,,,,,,,,,,,,,
1300,0.5063484,3.959831,,,,,,,,,,,,,,,,,
1400,0.4539878,3.7181964,,,,,,,,,,,,,,,,,
1500,0.4410653,3.4533076,,,,,,,,,,,,,,,,,
1600,0.45074835,3.4758313,,,,,,,,,,,,,,,,,
1700,0.45418835,3.3762348,,,,,,,,,,,,,,,,,
1800,0.40044695,3.2096848,,,,,,,,,,,,,,,,,
1900,0.36297172,3.097124,,,,,,,,,,,,,,,,,
2000,0.36608225,3.007791,,,,,,,,,,,,,,,,,
2100,0.31435814,2.9027326,,,,,,,,,,,,,,,,,
2200,0.28994662,2.8826137,,,,,,,,,,,,,,,,,
2300,0.35095486,2.855497,,,,,,,,,,,,,,,,,
2400,0.3074457,2.786031,,,,,,,,,,,,,,,,,
2500,0.25994262,2.7918153,,,,,,,,,,,,,,,,,
2600,0.26466805,2.7092466,,,,,,,,,,,,,,,,,
2700,0.27272755,2.713295,,,,,,,,,,,,,,,,,
2800,0.24398082,2.6840093,,,,,,,,,,,,,,,,,
2900,0.25480598,2.6398962,,,,,,,,,,,,,,,,,
3000,0.22370063,2.6518552,,,,,,,,,,,,,,,,,
3100,0.23240897,2.5469525,,,,,,,,,,,,,,,,,
3200,0.2238858,2.4864752,,,,,,,,,,,,,,,,,
3300,0.220886,2.4295819,,,,,,,,,,,,,,,,,
3400,0.19180839,2.4662151,,,,,,,,,,,,,,,,,
3500,0.19565864,2.3962233,,,,,,,,,,,,,,,,,
3600,0.19470476,2.4406629,,,,,,,,,,,,,,,,,
3700,0.18158054,2.3906822,,,,,,,,,,,,,,,,,
3800,0.19018306,2.3322308,,,,,,,,,,,,,,,,,
3900,0.18025433,2.2886784,,,,,,,,,,,,,,,,,
4000,0.19289717,2.3199375,,,,,,,,,,,,,,,,,
4100,0.19103344,2.198105,,,,,,,,,,,,,,,,,
4200,0.19370855,2.3260112,,,,,,,,,,,,,,,,,
4300,0.18036248,2.2832963,,,,,,,,,,,,,,,,,
4400,0.17689659,2.2233315,,,,,,,,,,,,,,,,,
4463,,,0.5869120955467224,2.205711126327514,27.606450316824485,0.5966572165489197,2.128228187561035,23.825874684316226,3000.0,0.5998954176902771,2.106513261795044,22.620227456065727,3003.0,705.8881783485413,2150.0544662475586,705.8881783485413,1444.0837428569794,0.0431361198425293,0.0
4500,0.16684292,2.1994274,,,,,,,,,,,,,,,,,
4600,0.17508936,2.20016,,,,,,,,,,,,,,,,,
4700,0.16517925,2.1452432,,,,,,,,,,,,,,,,,
4800,0.1607449,2.157508,,,,,,,,,,,,,,,,,
4900,0.18139365,2.22783,,,,,,,,,,,,,,,,,
5000,0.15738544,2.1616297,,,,,,,,,,,,,,,,,
5100,0.17364563,2.2012131,,,,,,,,,,,,,,,,,
5200,0.23911293,2.1794412,,,,,,,,,,,,,,,,,
5300,0.1730702,2.1148436,,,,,,,,,,,,,,,,,
5400,0.1708751,2.1876364,,,,,,,,,,,,,,,,,
5500,0.1661257,2.1495757,,,,,,,,,,,,,,,,,
5600,0.16334856,2.1441135,,,,,,,,,,,,,,,,,
5700,0.15422516,2.1755471,,,,,,,,,,,,,,,,,
5800,0.16698146,2.1312656,,,,,,,,,,,,,,,,,
5900,0.16846323,2.0740454,,,,,,,,,,,,,,,,,
6000,0.15835966,2.0041547,,,,,,,,,,,,,,,,,
6100,0.16016267,2.085393,,,,,,,,,,,,,,,,,
6200,0.18074594,2.1108801,,,,,,,,,,,,,,,,,
6300,0.15021452,2.081685,,,,,,,,,,,,,,,,,
6400,0.18427376,2.1248734,,,,,,,,,,,,,,,,,
6500,0.1507559,2.121188,,,,,,,,,,,,,,,,,
6600,0.15394785,1.9744284,,,,,,,,,,,,,,,,,
6700,0.1868538,2.0297086,,,,,,,,,,,,,,,,,
6800,0.15070064,2.08505,,,,,,,,,,,,,,,,,
6900,0.14855532,2.0203793,,,,,,,,,,,,,,,,,
7000,0.14825794,2.0979867,,,,,,,,,,,,,,,,,
7100,0.14965817,2.0320187,,,,,,,,,,,,,,,,,
7200,0.13990664,1.9801135,,,,,,,,,,,,,,,,,
7300,0.14825001,2.0215688,,,,,,,,,,,,,,,,,
7400,0.1751157,1.950688,,,,,,,,,,,,,,,,,
7500,0.14296432,1.9691241,,,,,,,,,,,,,,,,,
7600,0.2670727,2.1196182,,,,,,,,,,,,,,,,,
7700,0.14672078,1.9917692,,,,,,,,,,,,,,,,,
7800,0.1474378,2.0021071,,,,,,,,,,,,,,,,,
7900,0.17323488,2.0403397,,,,,,,,,,,,,,,,,
8000,0.16372083,1.9583144,,,,,,,,,,,,,,,,,
8100,0.16066463,2.0028377,,,,,,,,,,,,,,,,,
8200,0.19453904,2.0035515,,,,,,,,,,,,,,,,,
8300,0.1538306,2.0275533,,,,,,,,,,,,,,,,,
8400,0.15115923,1.9586805,,,,,,,,,,,,,,,,,
8500,0.17383415,2.026076,,,,,,,,,,,,,,,,,
8600,0.15527312,1.9408394,,,,,,,,,,,,,,,,,
8700,0.2271055,1.9218158,,,,,,,,,,,,,,,,,
8800,0.16727516,2.0222816,,,,,,,,,,,,,,,,,
8900,0.16518763,1.8809855,,,,,,,,,,,,,,,,,
9000,0.14720032,1.9225138,,,,,,,,,,,,,,,,,
9100,0.15504338,1.9598207,,,,,,,,,,,,,,,,,
9200,0.1572597,2.063614,,,,,,,,,,,,,,,,,
9300,0.21020417,1.8970582,,,,,,,,,,,,,,,,,
9353,,,0.6321742534637451,1.8380560874938965,31.061496089951163,0.6426206827163696,1.7486932277679443,26.971248201518137,3000.0,0.6497007608413696,1.6896973848342896,26.011562375036306,3003.0,1349.7717390060425,3319.2476320266724,1349.7717390060425,1969.2261035442352,0.1667077541351318,0.0
9400,0.16239396,1.8611847,,,,,,,,,,,,,,,,,
9500,0.16328463,1.8903126,,,,,,,,,,,,,,,,,
9600,0.17988898,1.9251399,,,,,,,,,,,,,,,,,
9700,0.14507842,1.9127365,,,,,,,,,,,,,,,,,
9800,0.14726414,1.9514527,,,,,,,,,,,,,,,,,
9900,0.17148024,1.8983352,,,,,,,,,,,,,,,,,
10000,0.1468075,1.9198095,,,,,,,,,,,,,,,,,
10100,0.16900761,1.929961,,,,,,,,,,,,,,,,,
10200,0.15027712,1.8626783,,,,,,,,,,,,,,,,,
10300,0.1554786,1.9006168,,,,,,,,,,,,,,,,,
10400,0.17094605,1.8695844,,,,,,,,,,,,,,,,,
10500,0.14611548,1.868402,,,,,,,,,,,,,,,,,
10600,0.23950337,1.8633564,,,,,,,,,,,,,,,,,
10700,0.20528254,1.9482089,,,,,,,,,,,,,,,,,
10800,0.16573618,1.8744745,,,,,,,,,,,,,,,,,
10900,0.18451904,1.972707,,,,,,,,,,,,,,,,,
11000,0.18628661,1.9187571,,,,,,,,,,,,,,,,,
11100,0.15592754,1.8686472,,,,,,,,,,,,,,,,,
11200,0.21063805,1.8623793,,,,,,,,,,,,,,,,,
11300,0.14851913,1.8596354,,,,,,,,,,,,,,,,,
11400,0.15992403,1.9023566,,,,,,,,,,,,,,,,,
11500,0.16883922,1.9310617,,,,,,,,,,,,,,,,,
11600,0.22712216,1.8259087,,,,,,,,,,,,,,,,,
11700,0.14919335,1.871921,,,,,,,,,,,,,,,,,
11800,0.17387322,1.9100037,,,,,,,,,,,,,,,,,
11900,0.16915965,1.8496552,,,,,,,,,,,,,,,,,
12000,0.16182785,1.9542755,,,,,,,,,,,,,,,,,
12100,0.15829419,1.8253225,,,,,,,,,,,,,,,,,
12200,0.21000579,1.8052657,,,,,,,,,,,,,,,,,
12300,0.16247255,1.7809447,,,,,,,,,,,,,,,,,
12400,0.1605409,1.7918683,,,,,,,,,,,,,,,,,
12500,0.16200207,1.8242456,,,,,,,,,,,,,,,,,
12600,0.14700326,1.8334357,,,,,,,,,,,,,,,,,
12700,0.15382491,1.7692443,,,,,,,,,,,,,,,,,
12800,0.28519654,1.824032,,,,,,,,,,,,,,,,,
12900,0.17308679,1.7432872,,,,,,,,,,,,,,,,,
13000,0.19927298,1.844494,,,,,,,,,,,,,,,,,
13100,0.20260644,1.8761535,,,,,,,,,,,,,,,,,
13200,0.1766443,1.8162612,,,,,,,,,,,,,,,,,
13300,0.17512947,1.8826215,,,,,,,,,,,,,,,,,
13400,0.27917856,1.8264263,,,,,,,,,,,,,,,,,
13500,0.1626289,1.861407,,,,,,,,,,,,,,,,,
13600,0.18102044,1.7508205,,,,,,,,,,,,,,,,,
13700,0.21666366,1.8082817,,,,,,,,,,,,,,,,,
13800,0.22335517,1.8456817,,,,,,,,,,,,,,,,,
13900,0.16379705,1.7955117,,,,,,,,,,,,,,,,,
14000,0.16062436,1.7937312,,,,,,,,,,,,,,,,,
14100,0.16131474,1.7956301,,,,,,,,,,,,,,,,,
14200,0.17212346,1.7459347,,,,,,,,,,,,,,,,,
14256,,,0.6473429799079895,1.706708550453186,31.99724280796608,0.6589750647544861,1.622377634048462,28.219802274424488,3000.0,0.669072151184082,1.5441867113113403,27.30179830330062,3003.0,1993.799324274063,4473.17712020874,1993.799324274063,2479.0347793102264,0.2158668041229248,0.0
14300,0.16660541,1.7982433,,,,,,,,,,,,,,,,,
14400,0.23062126,1.8468708,,,,,,,,,,,,,,,,,
14500,0.15596367,1.8245182,,,,,,,,,,,,,,,,,
14600,0.2750078,1.8425673,,,,,,,,,,,,,,,,,
14700,0.1631363,1.8115015,,,,,,,,,,,,,,,,,
14800,0.26793686,1.8475703,,,,,,,,,,,,,,,,,
14900,0.19582328,1.8136522,,,,,,,,,,,,,,,,,
15000,0.20074525,1.7633066,,,,,,,,,,,,,,,,,
15100,0.16768952,1.8563766,,,,,,,,,,,,,,,,,
15200,0.25399417,1.8221158,,,,,,,,,,,,,,,,,
15300,0.20941184,1.7925254,,,,,,,,,,,,,,,,,
15400,0.1525892,1.7603292,,,,,,,,,,,,,,,,,
15500,0.18285784,1.7127784,,,,,,,,,,,,,,,,,
15600,0.17010573,1.8275938,,,,,,,,,,,,,,,,,
15700,0.21146591,1.7713785,,,,,,,,,,,,,,,,,
15800,0.16390778,1.7105732,,,,,,,,,,,,,,,,,
15900,0.17371875,1.6795273,,,,,,,,,,,,,,,,,
16000,0.16000159,1.6935676,,,,,,,,,,,,,,,,,
16100,0.19506656,1.7889224,,,,,,,,,,,,,,,,,
16200,0.2043088,1.7264612,,,,,,,,,,,,,,,,,
16300,0.20268628,1.8460487,,,,,,,,,,,,,,,,,
16400,0.17213474,1.716621,,,,,,,,,,,,,,,,,
16500,0.18547526,1.8208594,,,,,,,,,,,,,,,,,
16600,0.1954765,1.7895747,,,,,,,,,,,,,,,,,
16700,0.20306098,1.8026395,,,,,,,,,,,,,,,,,
16800,0.19873165,1.7724112,,,,,,,,,,,,,,,,,
16900,0.1683893,1.7992628,,,,,,,,,,,,,,,,,
17000,0.19558749,1.8040807,,,,,,,,,,,,,,,,,
17100,0.17979763,1.7801689,,,,,,,,,,,,,,,,,
17200,0.17034799,1.7776314,,,,,,,,,,,,,,,,,
17300,0.18816939,1.6829197,,,,,,,,,,,,,,,,,
17400,0.17878786,1.7801952,,,,,,,,,,,,,,,,,
17500,0.1668125,1.769001,,,,,,,,,,,,,,,,,
17600,0.21785036,1.7005043,,,,,,,,,,,,,,,,,
17700,0.1660126,1.7539796,,,,,,,,,,,,,,,,,
17800,0.17336272,1.7289125,,,,,,,,,,,,,,,,,
17900,0.17230181,1.744995,,,,,,,,,,,,,,,,,
18000,0.19810554,1.7530117,,,,,,,,,,,,,,,,,
18100,0.17005822,1.6865385,,,,,,,,,,,,,,,,,
18200,0.19063976,1.7674152,,,,,,,,,,,,,,,,,
18300,0.18360987,1.7467978,,,,,,,,,,,,,,,,,
18400,0.1940242,1.8169007,,,,,,,,,,,,,,,,,
18500,0.19463643,1.724862,,,,,,,,,,,,,,,,,
18600,0.21768531,1.7213761,,,,,,,,,,,,,,,,,
18700,0.23155047,1.7760949,,,,,,,,,,,,,,,,,
18800,0.16511038,1.7238655,,,,,,,,,,,,,,,,,
18900,0.1769957,1.8084165,,,,,,,,,,,,,,,,,
19000,0.20080476,1.7284577,,,,,,,,,,,,,,,,,
19100,0.17054133,1.7689195,,,,,,,,,,,,,,,,,
19158,,,0.6555805802345276,1.6496813297271729,32.502208060082054,0.6675552725791931,1.5588951110839844,28.376897178316792,3000.0,0.6802858710289001,1.4709351062774658,28.103686079905607,3003.0,2637.751842021942,5727.708547592163,2637.751842021942,3089.5196621418,0.2659604549407959,0.0
19200,0.20982017,1.7408078,,,,,,,,,,,,,,,,,
19300,0.17326953,1.6736974,,,,,,,,,,,,,,,,,
19400,0.20321473,1.743115,,,,,,,,,,,,,,,,,
19500,0.18737307,1.7363399,,,,,,,,,,,,,,,,,
19600,0.1740588,1.742112,,,,,,,,,,,,,,,,,
19700,0.20188496,1.7448972,,,,,,,,,,,,,,,,,
19800,0.19371296,1.7701803,,,,,,,,,,,,,,,,,
19900,0.18914996,1.6819692,,,,,,,,,,,,,,,,,
20000,0.21097054,1.7818532,,,,,,,,,,,,,,,,,
20100,0.17691737,1.6596805,,,,,,,,,,,,,,,,,
20200,0.1777269,1.7012868,,,,,,,,,,,,,,,,,
20300,0.18880425,1.7425252,,,,,,,,,,,,,,,,,
20400,0.1765443,1.7279835,,,,,,,,,,,,,,,,,
20500,0.16948006,1.679484,,,,,,,,,,,,,,,,,
20600,0.333696,1.749801,,,,,,,,,,,,,,,,,
20700,0.21228334,1.7057315,,,,,,,,,,,,,,,,,
20800,0.19197862,1.7476741,,,,,,,,,,,,,,,,,
20900,0.18031234,1.7310522,,,,,,,,,,,,,,,,,
21000,0.18620649,1.7134563,,,,,,,,,,,,,,,,,
21100,0.20848608,1.7065691,,,,,,,,,,,,,,,,,
21200,0.18024425,1.7368131,,,,,,,,,,,,,,,,,
21300,0.18300465,1.779731,,,,,,,,,,,,,,,,,
21400,0.18724914,1.6458354,,,,,,,,,,,,,,,,,
21500,0.3284501,1.7399746,,,,,,,,,,,,,,,,,
21600,0.19992179,1.736641,,,,,,,,,,,,,,,,,
21700,0.17480645,1.7019887,,,,,,,,,,,,,,,,,
21800,0.17531632,1.6798766,,,,,,,,,,,,,,,,,
21900,0.21831061,1.70963,,,,,,,,,,,,,,,,,
22000,0.17720608,1.7160897,,,,,,,,,,,,,,,,,
22100,0.18223745,1.6551266,,,,,,,,,,,,,,,,,
22200,0.18632182,1.7269639,,,,,,,,,,,,,,,,,
22300,0.1811339,1.6784477,,,,,,,,,,,,,,,,,
22400,0.17471255,1.7219336,,,,,,,,,,,,,,,,,
22500,0.23236768,1.6985431,,,,,,,,,,,,,,,,,
22600,0.18327314,1.596761,,,,,,,,,,,,,,,,,
22700,0.17836547,1.6966591,,,,,,,,,,,,,,,,,
22800,0.2166266,1.6838474,,,,,,,,,,,,,,,,,
22900,0.19879238,1.6484197,,,,,,,,,,,,,,,,,
23000,0.23621903,1.7541232,,,,,,,,,,,,,,,,,
23100,0.17871746,1.661284,,,,,,,,,,,,,,,,,
23200,0.1968501,1.7526096,,,,,,,,,,,,,,,,,
23300,0.18825953,1.6233271,,,,,,,,,,,,,,,,,
23400,0.20059271,1.7243586,,,,,,,,,,,,,,,,,
23500,0.18082882,1.7144771,,,,,,,,,,,,,,,,,
23600,0.22801943,1.6558547,,,,,,,,,,,,,,,,,
23700,0.19362278,1.6459047,,,,,,,,,,,,,,,,,
23800,0.21311916,1.7432808,,,,,,,,,,,,,,,,,
23900,0.19001067,1.7340901,,,,,,,,,,,,,,,,,
24000,0.21991701,1.7586454,,,,,,,,,,,,,,,,,
24061,,,0.6586052179336548,1.6184453964233398,32.99876615256629,0.6747591495513916,1.5210291147232056,29.10563059492468,3000.0,0.6865028142929077,1.4298748970031738,28.632916643221428,3003.0,3281.7380990982056,7067.807116031647,3281.7380990982056,3785.538053035736,0.3171722888946533,0.0
24100,0.20565403,1.7440076,,,,,,,,,,,,,,,,,
24200,0.1833315,1.7233584,,,,,,,,,,,,,,,,,
24300,0.21136186,1.7148376,,,,,,,,,,,,,,,,,
24400,0.18641362,1.626112,,,,,,,,,,,,,,,,,
24500,0.20389825,1.7390491,,,,,,,,,,,,,,,,,
24600,0.1911499,1.7177622,,,,,,,,,,,,,,,,,
24700,0.18634574,1.589092,,,,,,,,,,,,,,,,,
24800,0.29029503,1.7290409,,,,,,,,,,,,,,,,,
24900,0.19493535,1.6848649,,,,,,,,,,,,,,,,,
25000,0.22168694,1.63561,,,,,,,,,,,,,,,,,
25100,0.19497108,1.6745179,,,,,,,,,,,,,,,,,
25200,0.19087526,1.6316707,,,,,,,,,,,,,,,,,
25300,0.19373608,1.6730928,,,,,,,,,,,,,,,,,
25400,0.18868956,1.7652256,,,,,,,,,,,,,,,,,
25500,0.1930264,1.6577821,,,,,,,,,,,,,,,,,
25600,0.1917669,1.6828146,,,,,,,,,,,,,,,,,
25700,0.25878188,1.6577668,,,,,,,,,,,,,,,,,
25800,0.18831056,1.7452972,,,,,,,,,,,,,,,,,
25900,0.22692959,1.725512,,,,,,,,,,,,,,,,,
26000,0.27438924,1.6900011,,,,,,,,,,,,,,,,,
26100,0.20434195,1.6390623,,,,,,,,,,,,,,,,,
26200,0.19916075,1.7082806,,,,,,,,,,,,,,,,,
26300,0.2606103,1.6182772,,,,,,,,,,,,,,,,,
26400,0.24239913,1.7242324,,,,,,,,,,,,,,,,,
26500,0.19679834,1.6557274,,,,,,,,,,,,,,,,,
26600,0.24660249,1.6674137,,,,,,,,,,,,,,,,,
26700,0.19906121,1.7168157,,,,,,,,,,,,,,,,,
26800,0.19990858,1.6036394,,,,,,,,,,,,,,,,,
26900,0.19026509,1.7337189,,,,,,,,,,,,,,,,,
27000,0.20193595,1.6852821,,,,,,,,,,,,,,,,,
27100,0.20099804,1.7670196,,,,,,,,,,,,,,,,,
27200,0.20400104,1.5940454,,,,,,,,,,,,,,,,,
27300,0.21301834,1.7108245,,,,,,,,,,,,,,,,,
27400,0.18888411,1.6858864,,,,,,,,,,,,,,,,,
27500,0.21972257,1.7582283,,,,,,,,,,,,,,,,,
27600,0.21419589,1.6735312,,,,,,,,,,,,,,,,,
27700,0.19357842,1.6516376,,,,,,,,,,,,,,,,,
27800,0.22364794,1.6836565,,,,,,,,,,,,,,,,,
27900,0.2060992,1.7059255,,,,,,,,,,,,,,,,,
28000,0.23610075,1.7600574,,,,,,,,,,,,,,,,,
28100,0.19920932,1.6762583,,,,,,,,,,,,,,,,,
28200,0.24071942,1.6928318,,,,,,,,,,,,,,,,,
28300,0.19402137,1.7055315,,,,,,,,,,,,,,,,,
28400,0.20983705,1.6481667,,,,,,,,,,,,,,,,,
28500,0.200793,1.6513515,,,,,,,,,,,,,,,,,
28600,0.23695438,1.6658272,,,,,,,,,,,,,,,,,
28700,0.20476958,1.6663674,,,,,,,,,,,,,,,,,
28800,0.18926786,1.6590005,,,,,,,,,,,,,,,,,
28900,0.2559087,1.6636783,,,,,,,,,,,,,,,,,
28954,,,0.6681638956069946,1.5582709312438965,34.08696037828492,0.6773753762245178,1.494947910308838,29.418443245270108,3000.0,0.6916971802711487,1.399124264717102,28.87655671563041,3003.0,3925.7320244312286,8400.151497364044,3925.7320244312286,4473.793159484863,0.368574857711792,0.0
29000,0.32440156,1.7299672,,,,,,,,,,,,,,,,,
29100,0.26719385,1.7208198,,,,,,,,,,,,,,,,,
29200,0.35766384,1.6865911,,,,,,,,,,,,,,,,,
29300,0.21780783,1.6657544,,,,,,,,,,,,,,,,,
29400,0.22802077,1.6449128,,,,,,,,,,,,,,,,,
29500,0.20500018,1.6934057,,,,,,,,,,,,,,,,,
29600,0.22179379,1.5801095,,,,,,,,,,,,,,,,,
29700,0.20246626,1.5874524,,,,,,,,,,,,,,,,,
29800,0.1904175,1.6419307,,,,,,,,,,,,,,,,,
29900,0.19635656,1.5993996,,,,,,,,,,,,,,,,,
30000,0.20573366,1.6435385,,,,,,,,,,,,,,,,,
30100,0.19222999,1.6758579,,,,,,,,,,,,,,,,,
30200,0.21499646,1.6520728,,,,,,,,,,,,,,,,,
30300,0.19715312,1.6410705,,,,,,,,,,,,,,,,,
30400,0.1887855,1.6006507,,,,,,,,,,,,,,,,,
30500,0.20147832,1.6485142,,,,,,,,,,,,,,,,,
30600,0.22167212,1.6539361,,,,,,,,,,,,,,,,,
30700,0.24197613,1.5955667,,,,,,,,,,,,,,,,,
30800,0.21901114,1.604852,,,,,,,,,,,,,,,,,
30900,0.2211812,1.5718896,,,,,,,,,,,,,,,,,
31000,0.19515014,1.6176314,,,,,,,,,,,,,,,,,
31100,0.21261284,1.6160669,,,,,,,,,,,,,,,,,
31200,0.20878407,1.6803374,,,,,,,,,,,,,,,,,
31300,0.23529284,1.7108452,,,,,,,,,,,,,,,,,
31400,0.23515774,1.6967373,,,,,,,,,,,,,,,,,
31500,0.19672921,1.620652,,,,,,,,,,,,,,,,,
31600,0.24127851,1.669431,,,,,,,,,,,,,,,,,
31700,0.25167614,1.7548491,,,,,,,,,,,,,,,,,
31800,0.23274472,1.5444605,,,,,,,,,,,,,,,,,
31900,0.19703627,1.6796913,,,,,,,,,,,,,,,,,
32000,0.2290549,1.5877447,,,,,,,,,,,,,,,,,
32100,0.2014212,1.6529154,,,,,,,,,,,,,,,,,
32200,0.21103457,1.6398911,,,,,,,,,,,,,,,,,
32300,0.22434627,1.5983433,,,,,,,,,,,,,,,,,
32400,0.21690501,1.6402645,,,,,,,,,,,,,,,,,
32500,0.18906036,1.5630614,,,,,,,,,,,,,,,,,
32600,0.20013225,1.6757925,,,,,,,,,,,,,,,,,
32700,0.20945306,1.5864437,,,,,,,,,,,,,,,,,
32800,0.20072931,1.6845233,,,,,,,,,,,,,,,,,
32900,0.21381818,1.6345274,,,,,,,,,,,,,,,,,
33000,0.19538738,1.6136206,,,,,,,,,,,,,,,,,
33100,0.21044794,1.6365315,,,,,,,,,,,,,,,,,
33200,0.19881971,1.6744283,,,,,,,,,,,,,,,,,
33300,0.25129688,1.6263674,,,,,,,,,,,,,,,,,
33400,0.2841219,1.6628758,,,,,,,,,,,,,,,,,
33500,0.2173561,1.6138004,,,,,,,,,,,,,,,,,
33600,0.2130561,1.5820557,,,,,,,,,,,,,,,,,
33700,0.21454978,1.5833925,,,,,,,,,,,,,,,,,
33800,0.23008053,1.5886143,,,,,,,,,,,,,,,,,
33850,,,0.6752064228057861,1.5130585432052612,34.169135584677406,0.6806362867355347,1.4716275930404663,29.6944352390163,3000.0,0.6947649717330933,1.3749428987503052,29.34387054130909,3003.0,4569.742191791534,9764.300257205963,4569.742191791534,5193.833689451218,0.4225513935089111,0.0
33900,0.21678142,1.6300199,,,,,,,,,,,,,,,,,
34000,0.20991364,1.7096629,,,,,,,,,,,,,,,,,
34100,0.23309772,1.6522439,,,,,,,,,,,,,,,,,
34200,0.20980045,1.6913948,,,,,,,,,,,,,,,,,
34300,0.22274831,1.6294607,,,,,,,,,,,,,,,,,
34400,0.2059135,1.5884138,,,,,,,,,,,,,,,,,
34500,0.20978238,1.6224535,,,,,,,,,,,,,,,,,
34600,0.20397492,1.605638,,,,,,,,,,,,,,,,,
34700,0.21797754,1.6682158,,,,,,,,,,,,,,,,,
34800,0.19427794,1.5454373,,,,,,,,,,,,,,,,,
34900,0.20932904,1.6181064,,,,,,,,,,,,,,,,,
35000,0.21880421,1.5920949,,,,,,,,,,,,,,,,,
35100,0.20674765,1.6019589,,,,,,,,,,,,,,,,,
35200,0.19586648,1.641439,,,,,,,,,,,,,,,,,
35300,0.20798169,1.5584927,,,,,,,,,,,,,,,,,
35400,0.22732885,1.6345171,,,,,,,,,,,,,,,,,
35500,0.21505551,1.6938686,,,,,,,,,,,,,,,,,
35600,0.20756756,1.5473663,,,,,,,,,,,,,,,,,
35700,0.21738912,1.6697323,,,,,,,,,,,,,,,,,
35800,0.24088837,1.6003301,,,,,,,,,,,,,,,,,
35900,0.21134797,1.5633091,,,,,,,,,,,,,,,,,
36000,0.23031768,1.6118565,,,,,,,,,,,,,,,,,
36100,0.23354919,1.6315054,,,,,,,,,,,,,,,,,
36200,0.22367437,1.6434269,,,,,,,,,,,,,,,,,
36300,0.2695754,1.6397822,,,,,,,,,,,,,,,,,
36400,0.21099348,1.691505,,,,,,,,,,,,,,,,,
36500,0.22051735,1.5981214,,,,,,,,,,,,,,,,,
36600,0.28796878,1.5497407,,,,,,,,,,,,,,,,,
36700,0.22431552,1.6427792,,,,,,,,,,,,,,,,,
36800,0.23947085,1.5978832,,,,,,,,,,,,,,,,,
36900,0.23451993,1.6413431,,,,,,,,,,,,,,,,,
37000,0.23604898,1.6624755,,,,,,,,,,,,,,,,,
37100,0.20375416,1.6531595,,,,,,,,,,,,,,,,,
37200,0.20362201,1.5991579,,,,,,,,,,,,,,,,,
37300,0.21543421,1.5941583,,,,,,,,,,,,,,,,,
37400,0.23295413,1.606392,,,,,,,,,,,,,,,,,
37500,0.22192843,1.6481866,,,,,,,,,,,,,,,,,
37600,0.20992182,1.5825512,,,,,,,,,,,,,,,,,
37700,0.2024715,1.5920645,,,,,,,,,,,,,,,,,
37800,0.21621537,1.5445039,,,,,,,,,,,,,,,,,
37900,0.22263327,1.5927389,,,,,,,,,,,,,,,,,
38000,0.21723065,1.622309,,,,,,,,,,,,,,,,,
38100,0.20415813,1.6311346,,,,,,,,,,,,,,,,,
38200,0.23133524,1.6788063,,,,,,,,,,,,,,,,,
38300,0.24134897,1.657292,,,,,,,,,,,,,,,,,
38400,0.22323512,1.6038316,,,,,,,,,,,,,,,,,
38500,0.23060073,1.5567114,,,,,,,,,,,,,,,,,
38600,0.20164579,1.6620523,,,,,,,,,,,,,,,,,
38700,0.23663738,1.5633669,,,,,,,,,,,,,,,,,
38743,,,0.6731004118919373,1.516510844230652,33.8671841170115,0.6826201677322388,1.4540002346038818,29.87815177665654,3000.0,0.6976003646850586,1.3553884029388428,29.54395748407058,3003.0,5213.753310203552,11131.85866189003,5213.753310203552,5917.286566257477,0.4743428230285644,0.0
38800,0.2230348,1.4939239,,,,,,,,,,,,,,,,,
38900,0.21336187,1.6160235,,,,,,,,,,,,,,,,,
39000,0.22331375,1.6160475,,,,,,,,,,,,,,,,,
39100,0.27493852,1.6077813,,,,,,,,,,,,,,,,,
39200,0.2314883,1.6758285,,,,,,,,,,,,,,,,,
39300,0.23048554,1.7119648,,,,,,,,,,,,,,,,,
39400,0.22646403,1.5644927,,,,,,,,,,,,,,,,,
39500,0.2289454,1.7094166,,,,,,,,,,,,,,,,,
39600,0.21961823,1.6230489,,,,,,,,,,,,,,,,,
39700,0.20680788,1.4941028,,,,,,,,,,,,,,,,,
39800,0.24614172,1.5870471,,,,,,,,,,,,,,,,,
39900,0.21985893,1.602285,,,,,,,,,,,,,,,,,
40000,0.2164619,1.5337317,,,,,,,,,,,,,,,,,
40100,0.21821292,1.6370015,,,,,,,,,,,,,,,,,
40200,0.21066059,1.6504503,,,,,,,,,,,,,,,,,
40300,0.21375953,1.5933574,,,,,,,,,,,,,,,,,
40400,0.24643342,1.5872916,,,,,,,,,,,,,,,,,
40500,0.21088247,1.6572292,,,,,,,,,,,,,,,,,
40600,0.21821001,1.5505035,,,,,,,,,,,,,,,,,
40700,0.22017002,1.5693778,,,,,,,,,,,,,,,,,
40800,0.22777931,1.6026876,,,,,,,,,,,,,,,,,
40900,0.22355254,1.6044765,,,,,,,,,,,,,,,,,
41000,0.21315351,1.6472477,,,,,,,,,,,,,,,,,
41100,0.24045652,1.6088319,,,,,,,,,,,,,,,,,
41200,0.24320239,1.5339069,,,,,,,,,,,,,,,,,
41300,0.21113227,1.6720699,,,,,,,,,,,,,,,,,
41400,0.21902424,1.5748751,,,,,,,,,,,,,,,,,
41500,0.2157183,1.500217,,,,,,,,,,,,,,,,,
41600,0.21980704,1.5901288,,,,,,,,,,,,,,,,,
41700,0.22971909,1.5474056,,,,,,,,,,,,,,,,,
41800,0.2201632,1.5318196,,,,,,,,,,,,,,,,,
41900,0.23554383,1.6306845,,,,,,,,,,,,,,,,,
42000,0.23490144,1.6071289,,,,,,,,,,,,,,,,,
42100,0.21714722,1.6000633,,,,,,,,,,,,,,,,,
42200,0.25649282,1.6269336,,,,,,,,,,,,,,,,,
42300,0.22327383,1.6230763,,,,,,,,,,,,,,,,,
42400,0.23816805,1.600469,,,,,,,,,,,,,,,,,
42500,0.24523234,1.5156645,,,,,,,,,,,,,,,,,
42600,0.22672357,1.6304626,,,,,,,,,,,,,,,,,
42700,0.21283714,1.5601798,,,,,,,,,,,,,,,,,
42800,0.23789886,1.5702804,,,,,,,,,,,,,,,,,
42900,0.22867799,1.5681162,,,,,,,,,,,,,,,,,
43000,0.23571593,1.6423604,,,,,,,,,,,,,,,,,
43100,0.21831593,1.5479254,,,,,,,,,,,,,,,,,
43200,0.25522232,1.6157535,,,,,,,,,,,,,,,,,
43300,0.22030832,1.6161453,,,,,,,,,,,,,,,,,
43400,0.2243882,1.6216078,,,,,,,,,,,,,,,,,
43500,0.23171529,1.6219878,,,,,,,,,,,,,,,,,
43600,0.21453482,1.5776044,,,,,,,,,,,,,,,,,
43638,,,0.675832986831665,1.501291275024414,34.015387346807366,0.6836740970611572,1.4406774044036863,30.036556289457845,3000.0,0.6997966766357422,1.34087073802948,29.86553124033931,3003.0,5857.690088987351,12450.178460121157,5857.690088987351,6591.575149536133,0.5283107757568359,0.0
43700,0.22011349,1.5739627,,,,,,,,,,,,,,,,,
43800,0.25018254,1.5872154,,,,,,,,,,,,,,,,,
43900,0.2287327,1.641495,,,,,,,,,,,,,,,,,
44000,0.24273811,1.5853108,,,,,,,,,,,,,,,,,
44100,0.23878852,1.5922558,,,,,,,,,,,,,,,,,
44200,0.25518465,1.5992689,,,,,,,,,,,,,,,,,
44300,0.22365865,1.6105024,,,,,,,,,,,,,,,,,
44400,0.22377566,1.5778002,,,,,,,,,,,,,,,,,
44500,0.22761951,1.6615478,,,,,,,,,,,,,,,,,
44600,0.24366082,1.5356109,,,,,,,,,,,,,,,,,
44700,0.23512262,1.6133908,,,,,,,,,,,,,,,,,
44800,0.21823375,1.5466881,,,,,,,,,,,,,,,,,
44900,0.22723508,1.5573013,,,,,,,,,,,,,,,,,
45000,0.2718151,1.6006631,,,,,,,,,,,,,,,,,
45100,0.26263666,1.6605141,,,,,,,,,,,,,,,,,
45200,0.23795977,1.5003588,,,,,,,,,,,,,,,,,
45300,0.25759906,1.6087532,,,,,,,,,,,,,,,,,
45400,0.21955605,1.530757,,,,,,,,,,,,,,,,,
45500,0.25465408,1.5706952,,,,,,,,,,,,,,,,,
45600,0.24964966,1.6566424,,,,,,,,,,,,,,,,,
45700,0.22377759,1.6132994,,,,,,,,,,,,,,,,,
45800,0.22738947,1.5935963,,,,,,,,,,,,,,,,,
45900,0.23160869,1.5789379,,,,,,,,,,,,,,,,,
46000,0.22389717,1.5319095,,,,,,,,,,,,,,,,,
46100,0.25495893,1.6333059,,,,,,,,,,,,,,,,,
46200,0.24271151,1.5656166,,,,,,,,,,,,,,,,,
46300,0.22614755,1.6166897,,,,,,,,,,,,,,,,,
46400,0.24423605,1.5890131,,,,,,,,,,,,,,,,,
46500,0.23725924,1.5592657,,,,,,,,,,,,,,,,,
46600,0.23143214,1.5723965,,,,,,,,,,,,,,,,,
46700,0.23531623,1.5863472,,,,,,,,,,,,,,,,,
46800,0.25230092,1.594303,,,,,,,,,,,,,,,,,
46900,0.23028243,1.5084311,,,,,,,,,,,,,,,,,
47000,0.22569337,1.5832187,,,,,,,,,,,,,,,,,
47100,0.24139674,1.5123562,,,,,,,,,,,,,,,,,
47200,0.2311816,1.5748124,,,,,,,,,,,,,,,,,
47300,0.22551921,1.5939806,,,,,,,,,,,,,,,,,
47400,0.23219465,1.5927742,,,,,,,,,,,,,,,,,
47500,0.24308601,1.6008518,,,,,,,,,,,,,,,,,
47600,0.24124733,1.5940218,,,,,,,,,,,,,,,,,
47700,0.24847063,1.5784868,,,,,,,,,,,,,,,,,
47800,0.22269277,1.6021214,,,,,,,,,,,,,,,,,
47900,0.22155623,1.5432527,,,,,,,,,,,,,,,,,
48000,0.2223302,1.5281937,,,,,,,,,,,,,,,,,
48100,0.24302846,1.6105164,,,,,,,,,,,,,,,,,
48200,0.22952196,1.5901372,,,,,,,,,,,,,,,,,
48300,0.24749264,1.6207983,,,,,,,,,,,,,,,,,
48400,0.24220526,1.6975071,,,,,,,,,,,,,,,,,
48500,0.2633351,1.5575237,,,,,,,,,,,,,,,,,
48533,,,0.6782899498939514,1.4879705905914309,34.19601656320971,0.6851620078086853,1.4300928115844729,30.11199610085104,3000.0,0.7008076310157776,1.328935146331787,29.96673787887768,3003.0,6501.701850891113,13820.476325750353,6501.701850891113,7317.764283418655,0.5847451686859131,0.0
48600,0.2491787,1.6270388,,,,,,,,,,,,,,,,,
48700,0.24232364,1.5570432,,,,,,,,,,,,,,,,,
48800,0.23377894,1.5967203,,,,,,,,,,,,,,,,,
48900,0.2383314,1.5901917,,,,,,,,,,,,,,,,,
49000,0.23816694,1.5514103,,,,,,,,,,,,,,,,,
49100,0.25435603,1.5926877,,,,,,,,,,,,,,,,,
49200,0.28274995,1.5772523,,,,,,,,,,,,,,,,,
49300,0.23796257,1.6410724,,,,,,,,,,,,,,,,,
49400,0.24876764,1.5600055,,,,,,,,,,,,,,,,,
49500,0.22732915,1.5921834,,,,,,,,,,,,,,,,,
49600,0.25823784,1.619752,,,,,,,,,,,,,,,,,
49700,0.23147525,1.5366484,,,,,,,,,,,,,,,,,
49800,0.2353095,1.5891197,,,,,,,,,,,,,,,,,
49900,0.23466974,1.5786266,,,,,,,,,,,,,,,,,
50000,0.24103385,1.5829415,,,,,,,,,,,,,,,,,
50100,0.23794115,1.5580754,,,,,,,,,,,,,,,,,
50200,0.24687758,1.5951406,,,,,,,,,,,,,,,,,
50300,0.24269599,1.6133769,,,,,,,,,,,,,,,,,
50400,0.2549491,1.6057429,,,,,,,,,,,,,,,,,
50500,0.2694845,1.5840235,,,,,,,,,,,,,,,,,
50600,0.23407906,1.514202,,,,,,,,,,,,,,,,,
50700,0.24018247,1.6581386,,,,,,,,,,,,,,,,,
50800,0.24664071,1.5178165,,,,,,,,,,,,,,,,,
50900,0.2817394,1.6249722,,,,,,,,,,,,,,,,,
51000,0.24848796,1.5031694,,,,,,,,,,,,,,,,,
51100,0.2354173,1.5338038,,,,,,,,,,,,,,,,,
51200,0.25702593,1.5496713,,,,,,,,,,,,,,,,,
51300,0.25497457,1.5447135,,,,,,,,,,,,,,,,,
51400,0.24021815,1.5334402,,,,,,,,,,,,,,,,,
51500,0.24142411,1.6049361,,,,,,,,,,,,,,,,,
51600,0.22643733,1.5476811,,,,,,,,,,,,,,,,,
51700,0.24680512,1.6108572,,,,,,,,,,,,,,,,,
51800,0.24474846,1.5572283,,,,,,,,,,,,,,,,,
51900,0.23910776,1.5438037,,,,,,,,,,,,,,,,,
52000,0.23233771,1.6171613,,,,,,,,,,,,,,,,,
52100,0.25931874,1.6106324,,,,,,,,,,,,,,,,,
52200,0.26950103,1.5395713,,,,,,,,,,,,,,,,,
52300,0.25646344,1.6169717,,,,,,,,,,,,,,,,,
52400,0.2270085,1.613666,,,,,,,,,,,,,,,,,
52500,0.24081208,1.4969745,,,,,,,,,,,,,,,,,
52600,0.23858841,1.6168723,,,,,,,,,,,,,,,,,
52700,0.24558659,1.582931,,,,,,,,,,,,,,,,,
52800,0.23355846,1.5618616,,,,,,,,,,,,,,,,,
52900,0.27179453,1.6149274,,,,,,,,,,,,,,,,,
53000,0.2575621,1.5971929,,,,,,,,,,,,,,,,,
53100,0.26927546,1.5519036,,,,,,,,,,,,,,,,,
53200,0.24387819,1.6151484,,,,,,,,,,,,,,,,,
53300,0.22675237,1.5066282,,,,,,,,,,,,,,,,,
53400,0.24183182,1.5517828,,,,,,,,,,,,,,,,,
53443,,,0.6821175217628479,1.4543670415878296,34.78572277251557,0.6873690485954285,1.4215707778930664,30.256455801492056,3000.0,0.701830267906189,1.3187813758850098,29.94840349058629,3003.0,7145.66076540947,15150.831122398376,7145.66076540947,8004.06389260292,0.6397662162780762,0.0
53500,0.24769561,1.5792775,,,,,,,,,,,,,,,,,
53600,0.26844642,1.602213,,,,,,,,,,,,,,,,,
53700,0.2328737,1.5229716,,,,,,,,,,,,,,,,,
53800,0.23585442,1.6152987,,,,,,,,,,,,,,,,,
53900,0.2370155,1.5359043,,,,,,,,,,,,,,,,,
54000,0.26604724,1.55953,,,,,,,,,,,,,,,,,
54100,0.24966086,1.5083311,,,,,,,,,,,,,,,,,
54200,0.26906613,1.6171247,,,,,,,,,,,,,,,,,
54300,0.24088521,1.5847552,,,,,,,,,,,,,,,,,
54400,0.24190152,1.517918,,,,,,,,,,,,,,,,,
54500,0.3654116,1.61022,,,,,,,,,,,,,,,,,
54600,0.23085007,1.5554925,,,,,,,,,,,,,,,,,
54700,0.23771554,1.613515,,,,,,,,,,,,,,,,,
54800,0.2486938,1.5472249,,,,,,,,,,,,,,,,,
54900,0.23909454,1.5292889,,,,,,,,,,,,,,,,,
55000,0.24573906,1.5963093,,,,,,,,,,,,,,,,,
55100,0.24397616,1.5833197,,,,,,,,,,,,,,,,,
55200,0.24105424,1.533083,,,,,,,,,,,,,,,,,
55300,0.24594411,1.5697666,,,,,,,,,,,,,,,,,
55400,0.234747,1.5568651,,,,,,,,,,,,,,,,,
55500,0.25621685,1.514861,,,,,,,,,,,,,,,,,
55600,0.25178987,1.5038455,,,,,,,,,,,,,,,,,
55700,0.26872566,1.5914905,,,,,,,,,,,,,,,,,
55800,0.26017642,1.4894282,,,,,,,,,,,,,,,,,
55900,0.2457017,1.615536,,,,,,,,,,,,,,,,,
56000,0.2526433,1.5904914,,,,,,,,,,,,,,,,,
56100,0.2548179,1.6391692,,,,,,,,,,,,,,,,,
56200,0.25101227,1.7152616,,,,,,,,,,,,,,,,,
56300,0.25250074,1.5673293,,,,,,,,,,,,,,,,,
56400,0.27252498,1.5735784,,,,,,,,,,,,,,,,,
56500,0.26018348,1.5682836,,,,,,,,,,,,,,,,,
56600,0.25484094,1.5250847,,,,,,,,,,,,,,,,,
56700,0.26716533,1.585349,,,,,,,,,,,,,,,,,
56800,0.3063299,1.5704402,,,,,,,,,,,,,,,,,
56900,0.25579005,1.5186713,,,,,,,,,,,,,,,,,
57000,0.23813863,1.5810659,,,,,,,,,,,,,,,,,
57100,0.24290687,1.475567,,,,,,,,,,,,,,,,,
57200,0.23319231,1.5922489,,,,,,,,,,,,,,,,,
57300,0.25712386,1.5792681,,,,,,,,,,,,,,,,,
57400,0.25130317,1.5662214,,,,,,,,,,,,,,,,,
57500,0.24567263,1.6378888,,,,,,,,,,,,,,,,,
57600,0.2377845,1.6119602,,,,,,,,,,,,,,,,,
57700,0.24524978,1.5424658,,,,,,,,,,,,,,,,,
57800,0.23743883,1.5315905,,,,,,,,,,,,,,,,,
57900,0.24511434,1.4997593,,,,,,,,,,,,,,,,,
58000,0.24868757,1.5364851,,,,,,,,,,,,,,,,,
58100,0.24533843,1.5336362,,,,,,,,,,,,,,,,,
58200,0.24985464,1.582865,,,,,,,,,,,,,,,,,
58300,0.25483218,1.467984,,,,,,,,,,,,,,,,,
58354,,,0.6857799291610718,1.4362488985061646,34.68630441302209,0.6882617473602295,1.4146322011947632,30.5427797866933,3000.0,0.7029458284378052,1.3093531131744385,30.09039456384044,3003.0,7789.69300031662,16434.609925031662,7789.69300031662,8643.714807271957,0.693899393081665,0.0
58400,0.2501023,1.519762,,,,,,,,,,,,,,,,,
58500,0.2470774,1.6128705,,,,,,,,,,,,,,,,,
58600,0.27459216,1.4948479,,,,,,,,,,,,,,,,,
58700,0.25645572,1.648901,,,,,,,,,,,,,,,,,
58800,0.24609429,1.5613194,,,,,,,,,,,,,,,,,
58900,0.24232075,1.5736749,,,,,,,,,,,,,,,,,
59000,0.24849409,1.5106645,,,,,,,,,,,,,,,,,
59100,0.2943971,1.5690469,,,,,,,,,,,,,,,,,
59200,0.2879162,1.5911484,,,,,,,,,,,,,,,,,
59300,0.24780379,1.5929698,,,,,,,,,,,,,,,,,
59400,0.31141603,1.4965786,,,,,,,,,,,,,,,,,
59500,0.2494138,1.6312381,,,,,,,,,,,,,,,,,
59600,0.23657675,1.5038304,,,,,,,,,,,,,,,,,
59700,0.245562,1.580873,,,,,,,,,,,,,,,,,
59800,0.28201047,1.5007339,,,,,,,,,,,,,,,,,
59900,0.24416134,1.5366348,,,,,,,,,,,,,,,,,
60000,0.26432908,1.5901238,,,,,,,,,,,,,,,,,
60100,0.23988895,1.5587122,,,,,,,,,,,,,,,,,
60200,0.2502048,1.5391662,,,,,,,,,,,,,,,,,
60300,0.25181022,1.5825098,,,,,,,,,,,,,,,,,
60400,0.25946808,1.5803987,,,,,,,,,,,,,,,,,
60500,0.24452259,1.5154616,,,,,,,,,,,,,,,,,
60600,0.2627921,1.5903778,,,,,,,,,,,,,,,,,
60700,0.2379746,1.4828664,,,,,,,,,,,,,,,,,
60800,0.24045168,1.539217,,,,,,,,,,,,,,,,,
60900,0.22967182,1.6371181,,,,,,,,,,,,,,,,,
61000,0.24205153,1.4997836,,,,,,,,,,,,,,,,,
61100,0.25125805,1.4839027,,,,,,,,,,,,,,,,,
61200,0.24458858,1.5639135,,,,,,,,,,,,,,,,,
61300,0.2480465,1.5071632,,,,,,,,,,,,,,,,,
61400,0.24784386,1.5149144,,,,,,,,,,,,,,,,,
61500,0.27435634,1.5085632,,,,,,,,,,,,,,,,,
61600,0.24811138,1.5264516,,,,,,,,,,,,,,,,,
61700,0.26169348,1.580443,,,,,,,,,,,,,,,,,
61800,0.25053278,1.5246899,,,,,,,,,,,,,,,,,
61900,0.24819267,1.5875397,,,,,,,,,,,,,,,,,
62000,0.2519545,1.6427709,,,,,,,,,,,,,,,,,
62100,0.25088105,1.5401314,,,,,,,,,,,,,,,,,
62200,0.2587697,1.5259695,,,,,,,,,,,,,,,,,
62300,0.24654962,1.4864372,,,,,,,,,,,,,,,,,
62400,0.25369447,1.5216824,,,,,,,,,,,,,,,,,
62500,0.25788298,1.5536436,,,,,,,,,,,,,,,,,
62600,0.26777405,1.5253284,,,,,,,,,,,,,,,,,
62700,0.26964083,1.6043943,,,,,,,,,,,,,,,,,
62800,0.2650891,1.5524988,,,,,,,,,,,,,,,,,
62900,0.24896495,1.4978495,,,,,,,,,,,,,,,,,
63000,0.2697694,1.5407331,,,,,,,,,,,,,,,,,
63100,0.2438806,1.5159546,,,,,,,,,,,,,,,,,
63200,0.2735238,1.4882869,,,,,,,,,,,,,,,,,
63268,,,0.684285581111908,1.4379347562789917,34.57695947270864,0.6899232268333435,1.4082647562026978,30.47564989357439,3000.0,0.7037011384963989,1.301803708076477,30.1308752654552,3003.0,8433.602185249329,17730.94966340065,8433.602185249329,9296.04861831665,0.7489285469055176,0.0
63300,0.26921967,1.6043018,,,,,,,,,,,,,,,,,
63400,0.24649812,1.5997089,,,,,,,,,,,,,,,,,
63500,0.2679994,1.5252519,,,,,,,,,,,,,,,,,
63600,0.24857289,1.5778028,,,,,,,,,,,,,,,,,
63700,0.23970261,1.4571916,,,,,,,,,,,,,,,,,
63800,0.24288805,1.528795,,,,,,,,,,,,,,,,,
63900,0.25165012,1.608843,,,,,,,,,,,,,,,,,
64000,0.27259672,1.6174109,,,,,,,,,,,,,,,,,
64100,0.25935742,1.5961983,,,,,,,,,,,,,,,,,
64200,0.25523946,1.6120828,,,,,,,,,,,,,,,,,
64300,0.26028794,1.6010766,,,,,,,,,,,,,,,,,
64400,0.2433293,1.5773292,,,,,,,,,,,,,,,,,
64500,0.2471742,1.5503575,,,,,,,,,,,,,,,,,
64600,0.25854495,1.5968453,,,,,,,,,,,,,,,,,
64700,0.23564887,1.5520295,,,,,,,,,,,,,,,,,
64800,0.2515925,1.5866121,,,,,,,,,,,,,,,,,
64900,0.26617125,1.4382828,,,,,,,,,,,,,,,,,
65000,0.26697353,1.524609,,,,,,,,,,,,,,,,,
65100,0.27364904,1.5408323,,,,,,,,,,,,,,,,,
65200,0.26067287,1.5746174,,,,,,,,,,,,,,,,,
65300,0.2990711,1.5166211,,,,,,,,,,,,,,,,,
65400,0.24260302,1.5762285,,,,,,,,,,,,,,,,,
65500,0.25666955,1.5647656,,,,,,,,,,,,,,,,,
65600,0.2711209,1.612843,,,,,,,,,,,,,,,,,
65700,0.24281561,1.4972137,,,,,,,,,,,,,,,,,
65800,0.24391708,1.566001,,,,,,,,,,,,,,,,,
65900,0.25683165,1.5610943,,,,,,,,,,,,,,,,,
66000,0.26653388,1.5460726,,,,,,,,,,,,,,,,,
66100,0.23496883,1.5245054,,,,,,,,,,,,,,,,,
66200,0.26475567,1.5577793,,,,,,,,,,,,,,,,,
66300,0.27844858,1.4609501,,,,,,,,,,,,,,,,,
66400,0.25618058,1.486633,,,,,,,,,,,,,,,,,
66500,0.26696083,1.5558475,,,,,,,,,,,,,,,,,
66600,0.2452568,1.5797844,,,,,,,,,,,,,,,,,
66700,0.28321773,1.6101646,,,,,,,,,,,,,,,,,
66800,0.26655594,1.4817454,,,,,,,,,,,,,,,,,
66900,0.2468905,1.5275588,,,,,,,,,,,,,,,,,
67000,0.25171039,1.5246966,,,,,,,,,,,,,,,,,
67100,0.26968682,1.6017413,,,,,,,,,,,,,,,,,
67200,0.2486605,1.5347183,,,,,,,,,,,,,,,,,
67300,0.23949298,1.5450996,,,,,,,,,,,,,,,,,
67400,0.27092978,1.5518924,,,,,,,,,,,,,,,,,
67500,0.24984218,1.4937696,,,,,,,,,,,,,,,,,
67600,0.24690473,1.4438884,,,,,,,,,,,,,,,,,
67700,0.26274863,1.5898213,,,,,,,,,,,,,,,,,
67800,0.2535405,1.589691,,,,,,,,,,,,,,,,,
67900,0.27088264,1.62602,,,,,,,,,,,,,,,,,
68000,0.24820471,1.4772571,,,,,,,,,,,,,,,,,
68100,0.26242238,1.5884678,,,,,,,,,,,,,,,,,
68178,,,0.6863505244255066,1.4324978590011597,34.95830722974543,0.6900968551635742,1.40287184715271,30.468178714707594,3000.0,0.7052001953125,1.2953054904937744,30.298120957268907,3003.0,9077.5239071846,19003.486673116684,9077.5239071846,9924.565910100937,0.8047099113464355,0.0
68200,0.25308937,1.5471698,,,,,,,,,,,,,,,,,
68300,0.29244912,1.4873284,,,,,,,,,,,,,,,,,
68400,0.27291125,1.543757,,,,,,,,,,,,,,,,,
68500,0.26532465,1.5652739,,,,,,,,,,,,,,,,,
68600,0.24954571,1.5855548,,,,,,,,,,,,,,,,,
68700,0.26169947,1.5046962,,,,,,,,,,,,,,,,,
68800,0.25365633,1.5190979,,,,,,,,,,,,,,,,,
68900,0.25321698,1.4527851,,,,,,,,,,,,,,,,,
69000,0.26677874,1.5566217,,,,,,,,,,,,,,,,,
69100,0.25559044,1.5414479,,,,,,,,,,,,,,,,,
69200,0.2539189,1.5477498,,,,,,,,,,,,,,,,,
69300,0.260315,1.4798458,,,,,,,,,,,,,,,,,
69400,0.2512582,1.5470073,,,,,,,,,,,,,,,,,
69500,0.26847574,1.5705467,,,,,,,,,,,,,,,,,
69600,0.24536179,1.5351579,,,,,,,,,,,,,,,,,
69700,0.2553628,1.533128,,,,,,,,,,,,,,,,,
69800,0.25448877,1.4940664,,,,,,,,,,,,,,,,,
69900,0.25619018,1.5801811,,,,,,,,,,,,,,,,,
70000,0.27298704,1.5407795,,,,,,,,,,,,,,,,,
70100,0.2596023,1.4904938,,,,,,,,,,,,,,,,,
70200,0.25780195,1.5352155,,,,,,,,,,,,,,,,,
70300,0.2496238,1.4975369,,,,,,,,,,,,,,,,,
70400,0.2729214,1.523985,,,,,,,,,,,,,,,,,
70500,0.26967582,1.5234317,,,,,,,,,,,,,,,,,
70600,0.25259972,1.5597634,,,,,,,,,,,,,,,,,
70700,0.2507728,1.4823444,,,,,,,,,,,,,,,,,
70800,0.2503132,1.4664629,,,,,,,,,,,,,,,,,
70900,0.26356435,1.6058902,,,,,,,,,,,,,,,,,
71000,0.24883948,1.5420983,,,,,,,,,,,,,,,,,
71100,0.26388872,1.5257189,,,,,,,,,,,,,,,,,
71200,0.26391277,1.5765244,,,,,,,,,,,,,,,,,
71300,0.2613872,1.5600047,,,,,,,,,,,,,,,,,
71400,0.27217308,1.4970579,,,,,,,,,,,,,,,,,
71500,0.28017086,1.6004505,,,,,,,,,,,,,,,,,
71600,0.2596455,1.5498395,,,,,,,,,,,,,,,,,
71700,0.27065778,1.4998139,,,,,,,,,,,,,,,,,
71800,0.27217916,1.5551907,,,,,,,,,,,,,,,,,
71900,0.2792284,1.506864,,,,,,,,,,,,,,,,,
72000,0.27561447,1.5635741,,,,,,,,,,,,,,,,,
72100,0.27212122,1.5370474,,,,,,,,,,,,,,,,,
72200,0.2468811,1.5078956,,,,,,,,,,,,,,,,,
72300,0.25265145,1.5911278,,,,,,,,,,,,,,,,,
72400,0.25187495,1.4861181,,,,,,,,,,,,,,,,,
72500,0.25257677,1.5592434,,,,,,,,,,,,,,,,,
72600,0.24646047,1.4811022,,,,,,,,,,,,,,,,,
72700,0.25652677,1.5003271,,,,,,,,,,,,,,,,,
72800,0.26591286,1.5003439,,,,,,,,,,,,,,,,,
72900,0.25228408,1.492939,,,,,,,,,,,,,,,,,
73000,0.25909358,1.5596713,,,,,,,,,,,,,,,,,
73091,,,0.6869080662727356,1.422245979309082,34.998048138036246,0.6907415986061096,1.3981395959854126,30.58032812057633,3000.0,0.7066411375999451,1.2895408868789673,30.39141761284466,3003.0,9721.494606256483,20269.039976358414,9721.494606256483,10546.05065202713,0.861163854598999,0.0
73100,0.25708038,1.4889991,,,,,,,,,,,,,,,,,
73200,0.26178932,1.6003667,,,,,,,,,,,,,,,,,
73300,0.2938521,1.4626297,,,,,,,,,,,,,,,,,
73400,0.27509522,1.561278,,,,,,,,,,,,,,,,,
73500,0.25837815,1.5037032,,,,,,,,,,,,,,,,,
73600,0.25996947,1.5151753,,,,,,,,,,,,,,,,,
73700,0.24379876,1.5191274,,,,,,,,,,,,,,,,,
73800,0.25187993,1.5352719,,,,,,,,,,,,,,,,,
73900,0.24979752,1.5137881,,,,,,,,,,,,,,,,,
74000,0.26927269,1.5420429,,,,,,,,,,,,,,,,,
74100,0.25002253,1.524047,,,,,,,,,,,,,,,,,
74200,0.26444608,1.5111333,,,,,,,,,,,,,,,,,
74300,0.28877348,1.4968522,,,,,,,,,,,,,,,,,
74400,0.29136756,1.5071144,,,,,,,,,,,,,,,,,
74500,0.2590371,1.6279038,,,,,,,,,,,,,,,,,
74600,0.2644213,1.4883091,,,,,,,,,,,,,,,,,
74700,0.2501665,1.5557373,,,,,,,,,,,,,,,,,
74800,0.24118972,1.4519614,,,,,,,,,,,,,,,,,
74900,0.2468784,1.4854604,,,,,,,,,,,,,,,,,
75000,0.25743222,1.482977,,,,,,,,,,,,,,,,,
75100,0.24542189,1.4936138,,,,,,,,,,,,,,,,,
75200,0.25719336,1.5183448,,,,,,,,,,,,,,,,,
75300,0.26361808,1.5484401,,,,,,,,,,,,,,,,,
75400,0.23458348,1.4142387,,,,,,,,,,,,,,,,,
75500,0.26035607,1.4691869,,,,,,,,,,,,,,,,,
75600,0.25807798,1.5696062,,,,,,,,,,,,,,,,,
75700,0.26673633,1.4837195,,,,,,,,,,,,,,,,,
75800,0.26823243,1.5336714,,,,,,,,,,,,,,,,,
75900,0.26163083,1.5782764,,,,,,,,,,,,,,,,,
76000,0.32895827,1.5837204,,,,,,,,,,,,,,,,,
76100,0.25357923,1.4889972,,,,,,,,,,,,,,,,,
76200,0.25406778,1.5517147,,,,,,,,,,,,,,,,,
76300,0.25030032,1.5717636,,,,,,,,,,,,,,,,,
76400,0.25894436,1.6041211,,,,,,,,,,,,,,,,,
76500,0.28033492,1.520404,,,,,,,,,,,,,,,,,
76600,0.25138155,1.5545282,,,,,,,,,,,,,,,,,
76700,0.24427372,1.4989212,,,,,,,,,,,,,,,,,
76800,0.25891152,1.5628132,,,,,,,,,,,,,,,,,
76900,0.24709165,1.5040721,,,,,,,,,,,,,,,,,
77000,0.25851747,1.4872012,,,,,,,,,,,,,,,,,
77100,0.2755866,1.5464057,,,,,,,,,,,,,,,,,
77200,0.26477575,1.4806998,,,,,,,,,,,,,,,,,
77300,0.26019773,1.5707394,,,,,,,,,,,,,,,,,
77400,0.27861062,1.5460627,,,,,,,,,,,,,,,,,
77500,0.26874927,1.5387676,,,,,,,,,,,,,,,,,
77600,0.26260918,1.4968559,,,,,,,,,,,,,,,,,
77700,0.26897138,1.4841738,,,,,,,,,,,,,,,,,
77800,0.26332402,1.4836168,,,,,,,,,,,,,,,,,
77900,0.28832895,1.5172136,,,,,,,,,,,,,,,,,
78000,0.27778512,1.6202012,,,,,,,,,,,,,,,,,
78006,,,0.6880369186401367,1.4253079891204834,35.23652134916773,0.6912871599197388,1.393779993057251,30.697343818795527,3000.0,0.7072105407714844,1.2847861051559448,30.286918854439904,3003.0,10365.408348083496,21536.861661672592,10365.408348083496,11169.85986161232,0.9181222915649414,0.0
78100,0.29415587,1.5132619,,,,,,,,,,,,,,,,,
78200,0.27866852,1.5760409,,,,,,,,,,,,,,,,,
78300,0.2733421,1.4402417,,,,,,,,,,,,,,,,,
78400,0.2675979,1.5574609,,,,,,,,,,,,,,,,,
78500,0.28235808,1.4884622,,,,,,,,,,,,,,,,,
78600,0.26178962,1.5668864,,,,,,,,,,,,,,,,,
78700,0.27430117,1.5034171,,,,,,,,,,,,,,,,,
78800,0.26107118,1.5301514,,,,,,,,,,,,,,,,,
78900,0.26147094,1.5083134,,,,,,,,,,,,,,,,,
79000,0.259742,1.5494083,,,,,,,,,,,,,,,,,
79100,0.25892732,1.5531957,,,,,,,,,,,,,,,,,
79200,0.2579893,1.5074925,,,,,,,,,,,,,,,,,
79300,0.27144766,1.4713651,,,,,,,,,,,,,,,,,
79400,0.2733291,1.5644683,,,,,,,,,,,,,,,,,
79500,0.2895047,1.5363278,,,,,,,,,,,,,,,,,
79600,0.3275969,1.5256304,,,,,,,,,,,,,,,,,
79700,0.28808564,1.5140166,,,,,,,,,,,,,,,,,
79800,0.2905374,1.5682827,,,,,,,,,,,,,,,,,
79900,0.24970187,1.4721185,,,,,,,,,,,,,,,,,
80000,0.27357796,1.5190653,,,,,,,,,,,,,,,,,
80100,0.28451502,1.4949203,,,,,,,,,,,,,,,,,
80200,0.27137044,1.5008147,,,,,,,,,,,,,,,,,
80300,0.27151048,1.5442796,,,,,,,,,,,,,,,,,
80400,0.2618744,1.5112139,,,,,,,,,,,,,,,,,
80500,0.27842465,1.5211056,,,,,,,,,,,,,,,,,
80600,0.27307412,1.552513,,,,,,,,,,,,,,,,,
80700,0.25293055,1.5068554,,,,,,,,,,,,,,,,,
80800,0.24972697,1.4917163,,,,,,,,,,,,,,,,,
80900,0.2621714,1.5759813,,,,,,,,,,,,,,,,,
81000,0.28445697,1.485303,,,,,,,,,,,,,,,,,
81100,0.2888893,1.5751079,,,,,,,,,,,,,,,,,
81200,0.25164506,1.4748479,,,,,,,,,,,,,,,,,
81300,0.27578732,1.5481819,,,,,,,,,,,,,,,,,
81400,0.2720052,1.6422535,,,,,,,,,,,,,,,,,
81500,0.25434762,1.4369651,,,,,,,,,,,,,,,,,
81600,0.31067896,1.5155103,,,,,,,,,,,,,,,,,
81700,0.25198033,1.4422466,,,,,,,,,,,,,,,,,
81800,0.2519179,1.5125328,,,,,,,,,,,,,,,,,
81900,0.2905148,1.5191308,,,,,,,,,,,,,,,,,
82000,0.31693012,1.4847276,,,,,,,,,,,,,,,,,
82100,0.2711019,1.5863189,,,,,,,,,,,,,,,,,
82200,0.32193232,1.4640927,,,,,,,,,,,,,,,,,
82300,0.28523144,1.6303027,,,,,,,,,,,,,,,,,
82400,0.27250788,1.5164622,,,,,,,,,,,,,,,,,
82500,0.25667894,1.4623353,,,,,,,,,,,,,,,,,
82600,0.24665102,1.5312537,,,,,,,,,,,,,,,,,
82700,0.25067,1.4542141,,,,,,,,,,,,,,,,,
82800,0.27319872,1.5418522,,,,,,,,,,,,,,,,,
82900,0.2563347,1.4533204,,,,,,,,,,,,,,,,,
82916,,,0.6907826662063599,1.4006752967834473,34.95913959639977,0.6912499666213989,1.3902679681777954,30.654770304298747,3000.0,0.7080937027931213,1.2810750007629397,30.3672639968532,3003.0,11009.404239416122,22806.61729502678,11009.404239416122,11795.523179769516,0.9737663269042968,0.0
83000,0.2509252,1.4806647,,,,,,,,,,,,,,,,,
83100,0.27943975,1.5286186,,,,,,,,,,,,,,,,,
83200,0.26052493,1.4462478,,,,,,,,,,,,,,,,,
83300,0.26647037,1.555814,,,,,,,,,,,,,,,,,
83400,0.2596856,1.5026957,,,,,,,,,,,,,,,,,
83500,0.2816188,1.4746943,,,,,,,,,,,,,,,,,
83600,0.2576063,1.4675683,,,,,,,,,,,,,,,,,
83700,0.25415167,1.5284168,,,,,,,,,,,,,,,,,
83800,0.25216654,1.5671554,,,,,,,,,,,,,,,,,
83900,0.28085846,1.5550921,,,,,,,,,,,,,,,,,
84000,0.2894987,1.5387056,,,,,,,,,,,,,,,,,
84100,0.2604578,1.5687648,,,,,,,,,,,,,,,,,
84200,0.275156,1.6081406,,,,,,,,,,,,,,,,,
84300,0.26143947,1.5501847,,,,,,,,,,,,,,,,,
84400,0.23881306,1.5632969,,,,,,,,,,,,,,,,,
84500,0.29146504,1.5594264,,,,,,,,,,,,,,,,,
84600,0.25947925,1.4572937,,,,,,,,,,,,,,,,,
84700,0.25319037,1.493782,,,,,,,,,,,,,,,,,
84800,0.25768134,1.531523,,,,,,,,,,,,,,,,,
84900,0.2616257,1.5098009,,,,,,,,,,,,,,,,,
85000,0.2810114,1.4948418,,,,,,,,,,,,,,,,,
85100,0.25163287,1.4918308,,,,,,,,,,,,,,,,,
85200,0.27009857,1.5494132,,,,,,,,,,,,,,,,,
85300,0.2626472,1.5186036,,,,,,,,,,,,,,,,,
85400,0.27325353,1.4912688,,,,,,,,,,,,,,,,,
85500,0.26735175,1.5330526,,,,,,,,,,,,,,,,,
85600,0.27925432,1.5416763,,,,,,,,,,,,,,,,,
85700,0.27807942,1.5280352,,,,,,,,,,,,,,,,,
85800,0.2841096,1.531678,,,,,,,,,,,,,,,,,
85900,0.2605842,1.5081946,,,,,,,,,,,,,,,,,
86000,0.25468418,1.4953955,,,,,,,,,,,,,,,,,
86100,0.27190965,1.5580555,,,,,,,,,,,,,,,,,
86200,0.24688756,1.4928696,,,,,,,,,,,,,,,,,
86300,0.27065194,1.5331379,,,,,,,,,,,,,,,,,
86400,0.28439936,1.5840578,,,,,,,,,,,,,,,,,
86500,0.27530113,1.525349,,,,,,,,,,,,,,,,,
86600,0.27079368,1.5906522,,,,,,,,,,,,,,,,,
86700,0.27113456,1.5289639,,,,,,,,,,,,,,,,,
86800,0.24802572,1.4263093,,,,,,,,,,,,,,,,,
86900,0.27138817,1.5692242,,,,,,,,,,,,,,,,,
87000,0.27158517,1.5111486,,,,,,,,,,,,,,,,,
87100,0.28021982,1.5500797,,,,,,,,,,,,,,,,,
87200,0.2598015,1.5135448,,,,,,,,,,,,,,,,,
87300,0.2781631,1.5148675,,,,,,,,,,,,,,,,,
87400,0.28777698,1.5607551,,,,,,,,,,,,,,,,,
87500,0.25973448,1.4302678,,,,,,,,,,,,,,,,,
87600,0.24495532,1.4885399,,,,,,,,,,,,,,,,,
87700,0.27618447,1.489629,,,,,,,,,,,,,,,,,
87800,0.24719551,1.4284589,,,,,,,,,,,,,,,,,
87820,,,0.6891033053398132,1.4130982160568235,35.10214454416848,0.6920062899589539,1.3875813484191897,30.59564414729289,3000.0,0.7091162800788879,1.275931477546692,30.503094738665208,3003.0,11653.369514226912,24086.626843690872,11653.369514226912,12431.466026306152,1.0329430103302002,0.0
87900,0.26104498,1.497293,,,,,,,,,,,,,,,,,
88000,0.2578152,1.490531,,,,,,,,,,,,,,,,,
88100,0.26880008,1.4026936,,,,,,,,,,,,,,,,,
88200,0.25036383,1.5117861,,,,,,,,,,,,,,,,,
88300,0.29275385,1.5665408,,,,,,,,,,,,,,,,,
88400,0.25860724,1.571032,,,,,,,,,,,,,,,,,
88500,0.25375384,1.5187211,,,,,,,,,,,,,,,,,
88600,0.2643292,1.5049682,,,,,,,,,,,,,,,,,
88700,0.2586577,1.5662378,,,,,,,,,,,,,,,,,
88800,0.31805676,1.585321,,,,,,,,,,,,,,,,,
88900,0.27045453,1.4776227,,,,,,,,,,,,,,,,,
89000,0.2660511,1.5074272,,,,,,,,,,,,,,,,,
89100,0.27699307,1.4782697,,,,,,,,,,,,,,,,,
89200,0.30548579,1.5390583,,,,,,,,,,,,,,,,,
89300,0.28871801,1.4838604,,,,,,,,,,,,,,,,,
89400,0.26091248,1.4878237,,,,,,,,,,,,,,,,,
89500,0.27712318,1.5658989,,,,,,,,,,,,,,,,,
89600,0.2549696,1.4996332,,,,,,,,,,,,,,,,,
89700,0.27268595,1.45146,,,,,,,,,,,,,,,,,
89800,0.25540218,1.4552809,,,,,,,,,,,,,,,,,
89900,0.2541871,1.4586835,,,,,,,,,,,,,,,,,
90000,0.26708362,1.5593772,,,,,,,,,,,,,,,,,
90100,0.27674794,1.5107098,,,,,,,,,,,,,,,,,
90200,0.2885462,1.5114219,,,,,,,,,,,,,,,,,
90300,0.2602575,1.5206892,,,,,,,,,,,,,,,,,
90400,0.27055115,1.5008589,,,,,,,,,,,,,,,,,
90500,0.28250328,1.4974194,,,,,,,,,,,,,,,,,
90600,0.25688282,1.4994903,,,,,,,,,,,,,,,,,
90700,0.28292122,1.4938626,,,,,,,,,,,,,,,,,
90800,0.2962484,1.5480134,,,,,,,,,,,,,,,,,
90900,0.26724854,1.5085416,,,,,,,,,,,,,,,,,
91000,0.26640746,1.5411781,,,,,,,,,,,,,,,,,
91100,0.2826276,1.4506673,,,,,,,,,,,,,,,,,
91200,0.25791115,1.5588825,,,,,,,,,,,,,,,,,
91300,0.27436462,1.5444741,,,,,,,,,,,,,,,,,
91400,0.29919404,1.48704,,,,,,,,,,,,,,,,,
91500,0.25896078,1.4730012,,,,,,,,,,,,,,,,,
91600,0.26284438,1.5176965,,,,,,,,,,,,,,,,,
91700,0.2709183,1.527576,,,,,,,,,,,,,,,,,
91800,0.25924963,1.5659332,,,,,,,,,,,,,,,,,
91900,0.2570619,1.520382,,,,,,,,,,,,,,,,,
92000,0.2676804,1.4971787,,,,,,,,,,,,,,,,,
92100,0.27035338,1.5382806,,,,,,,,,,,,,,,,,
92200,0.25447163,1.5314229,,,,,,,,,,,,,,,,,
92300,0.2659643,1.5546657,,,,,,,,,,,,,,,,,
92400,0.25812805,1.5225453,,,,,,,,,,,,,,,,,
92500,0.2584388,1.5381366,,,,,,,,,,,,,,,,,
92600,0.25157443,1.4580691,,,,,,,,,,,,,,,,,
92700,0.26012716,1.5242856,,,,,,,,,,,,,,,,,
92725,,,0.6927626729011536,1.391218900680542,35.07169413353023,0.6922294497489929,1.3846371173858645,30.67802264874233,3000.0,0.7101040482521057,1.2724220752716064,30.660251129202283,3003.0,12297.371876239777,25373.165622472763,12297.371876239777,13073.901003599169,1.0928969383239746,0.0
92800,0.27716365,1.4629993,,,,,,,,,,,,,,,,,
92900,0.28013107,1.5492371,,,,,,,,,,,,,,,,,
93000,0.25315666,1.5346893,,,,,,,,,,,,,,,,,
93100,0.2769096,1.5123789,,,,,,,,,,,,,,,,,
93200,0.27865517,1.5305439,,,,,,,,,,,,,,,,,
93300,0.25071204,1.5265044,,,,,,,,,,,,,,,,,
93400,0.26555055,1.5190778,,,,,,,,,,,,,,,,,
93500,0.2782441,1.4984759,,,,,,,,,,,,,,,,,
93600,0.30031148,1.5742024,,,,,,,,,,,,,,,,,
93700,0.2640608,1.5779144,,,,,,,,,,,,,,,,,
93800,0.29449815,1.5037731,,,,,,,,,,,,,,,,,
93900,0.25793555,1.510192,,,,,,,,,,,,,,,,,
94000,0.30796865,1.5436227,,,,,,,,,,,,,,,,,
94100,0.29200897,1.4599041,,,,,,,,,,,,,,,,,
94200,0.26563117,1.547026,,,,,,,,,,,,,,,,,
94300,0.27060363,1.4990879,,,,,,,,,,,,,,,,,
94400,0.27144042,1.5139502,,,,,,,,,,,,,,,,,
94500,0.25038147,1.5141044,,,,,,,,,,,,,,,,,
94600,0.2497927,1.5111082,,,,,,,,,,,,,,,,,
94700,0.27212092,1.5585448,,,,,,,,,,,,,,,,,
94800,0.27924445,1.5719508,,,,,,,,,,,,,,,,,
94900,0.26104534,1.5332875,,,,,,,,,,,,,,,,,
95000,0.26035044,1.4671025,,,,,,,,,,,,,,,,,
95100,0.2874057,1.4869169,,,,,,,,,,,,,,,,,
95200,0.26699236,1.4909786,,,,,,,,,,,,,,,,,
95300,0.28787217,1.4580523,,,,,,,,,,,,,,,,,
95400,0.2613419,1.4850268,,,,,,,,,,,,,,,,,
95500,0.28726342,1.53284,,,,,,,,,,,,,,,,,
95600,0.25618508,1.4238025,,,,,,,,,,,,,,,,,
95700,0.30037248,1.646774,,,,,,,,,,,,,,,,,
95800,0.27619633,1.5772545,,,,,,,,,,,,,,,,,
95900,0.31407562,1.5781366,,,,,,,,,,,,,,,,,
96000,0.26112825,1.4151427,,,,,,,,,,,,,,,,,
96100,0.26860455,1.5536662,,,,,,,,,,,,,,,,,
96200,0.25143817,1.5407424,,,,,,,,,,,,,,,,,
96300,0.27828637,1.4960581,,,,,,,,,,,,,,,,,
96400,0.28126734,1.5699757,,,,,,,,,,,,,,,,,
96500,0.26348254,1.500424,,,,,,,,,,,,,,,,,
96600,0.2727181,1.4850855,,,,,,,,,,,,,,,,,
96700,0.25857967,1.529126,,,,,,,,,,,,,,,,,
96800,0.27345583,1.566628,,,,,,,,,,,,,,,,,
96900,0.26605505,1.5033528,,,,,,,,,,,,,,,,,
97000,0.2617097,1.4822216,,,,,,,,,,,,,,,,,
97100,0.27494743,1.5243533,,,,,,,,,,,,,,,,,
97200,0.26836494,1.5076416,,,,,,,,,,,,,,,,,
97300,0.2806231,1.468426,,,,,,,,,,,,,,,,,
97400,0.2513597,1.5404462,,,,,,,,,,,,,,,,,
97500,0.2658864,1.5444789,,,,,,,,,,,,,,,,,
97600,0.27824754,1.4311702,,,,,,,,,,,,,,,,,
97634,,,0.6921180486679077,1.3910092115402222,35.35098172436213,0.6923658847808838,1.3817955255508425,30.619794412610787,3000.0,0.7107315063476562,1.2694499492645264,30.57981421981536,3003.0,12941.287100553513,26671.50004220009,12941.287100553513,13728.217581748962,1.1540625095367432,0.0
97700,0.2643034,1.4509846,,,,,,,,,,,,,,,,,
97800,0.26160043,1.4873439,,,,,,,,,,,,,,,,,
97900,0.2694366,1.5829743,,,,,,,,,,,,,,,,,
98000,0.27190086,1.4505247,,,,,,,,,,,,,,,,,
98100,0.26239812,1.476922,,,,,,,,,,,,,,,,,
98200,0.2752539,1.5663384,,,,,,,,,,,,,,,,,
98300,0.26862666,1.5384134,,,,,,,,,,,,,,,,,
98400,0.2546696,1.4528584,,,,,,,,,,,,,,,,,
98500,0.25131488,1.4963012,,,,,,,,,,,,,,,,,
98600,0.26191145,1.4276322,,,,,,,,,,,,,,,,,
98700,0.2526869,1.438675,,,,,,,,,,,,,,,,,
98800,0.25837183,1.5188465,,,,,,,,,,,,,,,,,
98900,0.28504348,1.4947488,,,,,,,,,,,,,,,,,
99000,0.26465666,1.5345026,,,,,,,,,,,,,,,,,
99100,0.2682509,1.5446992,,,,,,,,,,,,,,,,,
99200,0.27186176,1.5167127,,,,,,,,,,,,,,,,,
99300,0.2681648,1.537497,,,,,,,,,,,,,,,,,
99400,0.25978202,1.4706595,,,,,,,,,,,,,,,,,
99500,0.27939764,1.5079489,,,,,,,,,,,,,,,,,
99600,0.27256137,1.4460895,,,,,,,,,,,,,,,,,
99700,0.26535338,1.5033088,,,,,,,,,,,,,,,,,
99800,0.2793421,1.5602201,,,,,,,,,,,,,,,,,
99900,0.26897314,1.4540391,,,,,,,,,,,,,,,,,
100000,0.25896493,1.5014976,,,,,,,,,,,,,,,,,
100100,0.3000814,1.5520595,,,,,,,,,,,,,,,,,
100200,0.25956905,1.5055395,,,,,,,,,,,,,,,,,
100300,0.26299533,1.5518162,,,,,,,,,,,,,,,,,
100400,0.2610116,1.484296,,,,,,,,,,,,,,,,,
100500,0.27934507,1.574148,,,,,,,,,,,,,,,,,
100600,0.2566821,1.4755934,,,,,,,,,,,,,,,,,
100700,0.27647728,1.5602713,,,,,,,,,,,,,,,,,
100800,0.254865,1.4897768,,,,,,,,,,,,,,,,,
100900,0.26376644,1.5434256,,,,,,,,,,,,,,,,,
101000,0.26147968,1.4820042,,,,,,,,,,,,,,,,,
101100,0.2622213,1.4742885,,,,,,,,,,,,,,,,,
101200,0.2761093,1.5371871,,,,,,,,,,,,,,,,,
101300,0.26863348,1.4652382,,,,,,,,,,,,,,,,,
101400,0.26481825,1.5622563,,,,,,,,,,,,,,,,,
101500,0.26494715,1.5189341,,,,,,,,,,,,,,,,,
101600,0.263149,1.5467852,,,,,,,,,,,,,,,,,
101700,0.27573928,1.5715461,,,,,,,,,,,,,,,,,
101800,0.27652037,1.5603297,,,,,,,,,,,,,,,,,
101900,0.26180792,1.5735284,,,,,,,,,,,,,,,,,
102000,0.26299223,1.4942449,,,,,,,,,,,,,,,,,
102100,0.26083887,1.4190488,,,,,,,,,,,,,,,,,
102200,0.2793545,1.5489222,,,,,,,,,,,,,,,,,
102300,0.2615359,1.4247847,,,,,,,,,,,,,,,,,
102400,0.26559713,1.4763447,,,,,,,,,,,,,,,,,
102500,0.27119544,1.4508224,,,,,,,,,,,,,,,,,
102551,,,0.6951702237129211,1.3842512369155884,35.16233758867279,0.693134605884552,1.378857970237732,30.58684170135853,3000.0,0.7110452651977539,1.267064929008484,30.735920401055587,3003.0,13585.30784535408,27922.82891488076,13585.30784535408,14335.42295050621,1.214372158050537,0.0
102600,0.27443904,1.4901704,,,,,,,,,,,,,,,,,
102700,0.28171816,1.5934039,,,,,,,,,,,,,,,,,
102800,0.28266695,1.4228749,,,,,,,,,,,,,,,,,
102900,0.28916374,1.5172917,,,,,,,,,,,,,,,,,
103000,0.24015169,1.4331582,,,,,,,,,,,,,,,,,
103100,0.27576095,1.5072634,,,,,,,,,,,,,,,,,
103200,0.30190197,1.5585132,,,,,,,,,,,,,,,,,
103300,0.2964921,1.5883528,,,,,,,,,,,,,,,,,
103400,0.2926145,1.5070817,,,,,,,,,,,,,,,,,
103500,0.24848045,1.5234258,,,,,,,,,,,,,,,,,
103600,0.25230107,1.580247,,,,,,,,,,,,,,,,,
103700,0.24674648,1.4177717,,,,,,,,,,,,,,,,,
103800,0.24426791,1.5096438,,,,,,,,,,,,,,,,,
103900,0.26387203,1.4448283,,,,,,,,,,,,,,,,,
104000,0.26572728,1.4685663,,,,,,,,,,,,,,,,,
104100,0.2625714,1.4588107,,,,,,,,,,,,,,,,,
104200,0.31942004,1.5220051,,,,,,,,,,,,,,,,,
104300,0.26154894,1.4970481,,,,,,,,,,,,,,,,,
104400,0.27089357,1.551841,,,,,,,,,,,,,,,,,
104500,0.26003563,1.4780941,,,,,,,,,,,,,,,,,
104600,0.26430902,1.4601089,,,,,,,,,,,,,,,,,
104700,0.26728523,1.501148,,,,,,,,,,,,,,,,,
104800,0.3066571,1.4526324,,,,,,,,,,,,,,,,,
104900,0.27777818,1.4460614,,,,,,,,,,,,,,,,,
105000,0.28588146,1.533181,,,,,,,,,,,,,,,,,
105100,0.2752867,1.498149,,,,,,,,,,,,,,,,,
105200,0.2646787,1.5243891,,,,,,,,,,,,,,,,,
105300,0.2661765,1.5085927,,,,,,,,,,,,,,,,,
105400,0.28702274,1.4553632,,,,,,,,,,,,,,,,,
105500,0.2749157,1.4558669,,,,,,,,,,,,,,,,,
105600,0.25737205,1.5116978,,,,,,,,,,,,,,,,,
105700,0.2888312,1.5294487,,,,,,,,,,,,,,,,,
105800,0.28403562,1.5276926,,,,,,,,,,,,,,,,,
105900,0.2817241,1.516768,,,,,,,,,,,,,,,,,
106000,0.2684774,1.4983064,,,,,,,,,,,,,,,,,
106100,0.26056004,1.5619957,,,,,,,,,,,,,,,,,
106200,0.28654325,1.5251462,,,,,,,,,,,,,,,,,
106300,0.2661497,1.4899204,,,,,,,,,,,,,,,,,
106400,0.28408906,1.4942765,,,,,,,,,,,,,,,,,
106500,0.26666752,1.4526557,,,,,,,,,,,,,,,,,
106600,0.27896774,1.5143028,,,,,,,,,,,,,,,,,
106700,0.27228996,1.4917414,,,,,,,,,,,,,,,,,
106800,0.2731084,1.498921,,,,,,,,,,,,,,,,,
106900,0.27913356,1.461279,,,,,,,,,,,,,,,,,
107000,0.27127752,1.5054411,,,,,,,,,,,,,,,,,
107100,0.29237786,1.4313098,,,,,,,,,,,,,,,,,
107200,0.26145747,1.4904131,,,,,,,,,,,,,,,,,
107300,0.27129447,1.5208178,,,,,,,,,,,,,,,,,
107400,0.28381258,1.5145919,,,,,,,,,,,,,,,,,
107460,,,0.6968585848808289,1.3680254220962524,35.494614590667275,0.6933950185775757,1.3763729333877563,30.63304907958013,3000.0,0.7113357782363892,1.2643885612487793,30.73874556859681,3003.0,14229.278685808182,29197.60025382042,14229.278685808182,14966.12078666687,1.2750051021575928,0.0
107500,0.27635604,1.495683,,,,,,,,,,,,,,,,,
107600,0.2798607,1.5340195,,,,,,,,,,,,,,,,,
107700,0.26513445,1.5342007,,,,,,,,,,,,,,,,,
107800,0.29287848,1.5597142,,,,,,,,,,,,,,,,,
107900,0.2534159,1.5156344,,,,,,,,,,,,,,,,,
108000,0.26886776,1.5377439,,,,,,,,,,,,,,,,,
108100,0.2534219,1.462165,,,,,,,,,,,,,,,,,
108200,0.27601013,1.4904647,,,,,,,,,,,,,,,,,
108300,0.28271595,1.5805484,,,,,,,,,,,,,,,,,
108400,0.2655887,1.3917427,,,,,,,,,,,,,,,,,
108500,0.264558,1.4374866,,,,,,,,,,,,,,,,,
108600,0.26279697,1.5602199,,,,,,,,,,,,,,,,,
108700,0.30877426,1.4958467,,,,,,,,,,,,,,,,,
108800,0.26926258,1.4690039,,,,,,,,,,,,,,,,,
108900,0.27385384,1.47531,,,,,,,,,,,,,,,,,
109000,0.290162,1.5320153,,,,,,,,,,,,,,,,,
109100,0.26510674,1.5540526,,,,,,,,,,,,,,,,,
109200,0.26866883,1.4728942,,,,,,,,,,,,,,,,,
109300,0.27124843,1.4615767,,,,,,,,,,,,,,,,,
109400,0.26851875,1.4822308,,,,,,,,,,,,,,,,,
109500,0.25769454,1.4319154,,,,,,,,,,,,,,,,,
109600,0.28322458,1.5026765,,,,,,,,,,,,,,,,,
109700,0.25958583,1.4330288,,,,,,,,,,,,,,,,,
109800,0.2753724,1.4708252,,,,,,,,,,,,,,,,,
109900,0.2555637,1.4917678,,,,,,,,,,,,,,,,,
110000,0.26227403,1.464184,,,,,,,,,,,,,,,,,
110100,0.2755524,1.5083715,,,,,,,,,,,,,,,,,
110200,0.26648885,1.4905037,,,,,,,,,,,,,,,,,
110300,0.2698452,1.5252548,,,,,,,,,,,,,,,,,
110400,0.2753724,1.5503296,,,,,,,,,,,,,,,,,
110500,0.26571634,1.5157859,,,,,,,,,,,,,,,,,
110600,0.3024229,1.4645759,,,,,,,,,,,,,,,,,
110700,0.2662575,1.5033582,,,,,,,,,,,,,,,,,
110800,0.27400395,1.4636207,,,,,,,,,,,,,,,,,
110900,0.2714251,1.4986484,,,,,,,,,,,,,,,,,
111000,0.2811175,1.8065633,,,,,,,,,,,,,,,,,
111100,0.24721333,1.5190927,,,,,,,,,,,,,,,,,
111200,0.25023922,1.5152141,,,,,,,,,,,,,,,,,
111300,0.25019947,1.5129396,,,,,,,,,,,,,,,,,
111400,0.252631,1.5032179,,,,,,,,,,,,,,,,,
111500,0.25423765,1.5416304,,,,,,,,,,,,,,,,,
111600,0.2619733,1.5044115,,,,,,,,,,,,,,,,,
111700,0.2663809,1.4561274,,,,,,,,,,,,,,,,,
111800,0.27171063,1.4851818,,,,,,,,,,,,,,,,,
111900,0.28968927,1.5725895,,,,,,,,,,,,,,,,,
112000,0.2740623,1.4581496,,,,,,,,,,,,,,,,,
112100,0.25586286,1.48785,,,,,,,,,,,,,,,,,
112200,0.27036586,1.5306901,,,,,,,,,,,,,,,,,
112300,0.2839185,1.514017,,,,,,,,,,,,,,,,,
112371,,,0.6934787631034851,1.3852101564407349,35.44974700621472,0.6939157247543335,1.373040795326233,30.720685882474346,3000.0,0.7119516730308533,1.262403964996338,30.66463555782682,3003.0,14873.257553100586,30460.93359184265,14873.257553100586,15585.372030735016,1.3361785411834717,0.0
112400,0.29666892,1.4986019,,,,,,,,,,,,,,,,,
112500,0.288615,1.5541699,,,,,,,,,,,,,,,,,
112600,0.29693958,1.5034605,,,,,,,,,,,,,,,,,
112700,0.2749974,1.4519972,,,,,,,,,,,,,,,,,
112800,0.2786077,1.4231603,,,,,,,,,,,,,,,,,
112900,0.27176157,1.4798342,,,,,,,,,,,,,,,,,
113000,0.26062194,1.469103,,,,,,,,,,,,,,,,,
113100,0.28975004,1.47926,,,,,,,,,,,,,,,,,
113200,0.27255848,1.5126029,,,,,,,,,,,,,,,,,
113300,0.26491857,1.536385,,,,,,,,,,,,,,,,,
113400,0.27565795,1.5076683,,,,,,,,,,,,,,,,,
113500,0.286919,1.4819624,,,,,,,,,,,,,,,,,
113600,0.27237538,1.4743148,,,,,,,,,,,,,,,,,
113700,0.2710508,1.489114,,,,,,,,,,,,,,,,,
113800,0.27919245,1.4719867,,,,,,,,,,,,,,,,,
113900,0.2785539,1.4628165,,,,,,,,,,,,,,,,,
114000,0.27069667,1.4319497,,,,,,,,,,,,,,,,,
114100,0.2824906,1.5264101,,,,,,,,,,,,,,,,,
114200,0.26576045,1.425482,,,,,,,,,,,,,,,,,
114300,0.26962557,1.5026988,,,,,,,,,,,,,,,,,
114400,0.27509087,1.515656,,,,,,,,,,,,,,,,,
114500,0.2619528,1.4997089,,,,,,,,,,,,,,,,,
114600,0.26660424,1.4198964,,,,,,,,,,,,,,,,,
114700,0.28317636,1.5283505,,,,,,,,,,,,,,,,,
114800,0.26984853,1.5200187,,,,,,,,,,,,,,,,,
114900,0.2719888,1.4778894,,,,,,,,,,,,,,,,,
115000,0.28559473,1.4929065,,,,,,,,,,,,,,,,,
115100,0.2634621,1.5048078,,,,,,,,,,,,,,,,,
115200,0.26614892,1.4333642,,,,,,,,,,,,,,,,,
115300,0.2747216,1.5262476,,,,,,,,,,,,,,,,,
115400,0.29763177,1.5065149,,,,,,,,,,,,,,,,,
115500,0.27563655,1.4671962,,,,,,,,,,,,,,,,,
115600,0.27733386,1.4688979,,,,,,,,,,,,,,,,,
115700,0.2687996,1.5276669,,,,,,,,,,,,,,,,,
115800,0.28911105,1.4821107,,,,,,,,,,,,,,,,,
115900,0.27474144,1.4837027,,,,,,,,,,,,,,,,,
116000,0.2827635,1.5048858,,,,,,,,,,,,,,,,,
116100,0.26633278,1.4481833,,,,,,,,,,,,,,,,,
116200,0.25752705,1.4519403,,,,,,,,,,,,,,,,,
116300,0.25627404,1.4547507,,,,,,,,,,,,,,,,,
116400,0.26505423,1.4917821,,,,,,,,,,,,,,,,,
116500,0.28090063,1.5503488,,,,,,,,,,,,,,,,,
116600,0.28130054,1.5278329,,,,,,,,,,,,,,,,,
116700,0.25707528,1.4027458,,,,,,,,,,,,,,,,,
116800,0.26942196,1.5076171,,,,,,,,,,,,,,,,,
116900,0.28180304,1.4490794,,,,,,,,,,,,,,,,,
117000,0.28976366,1.5546838,,,,,,,,,,,,,,,,,
117100,0.29183596,1.5221423,,,,,,,,,,,,,,,,,
117200,0.29866335,1.4702563,,,,,,,,,,,,,,,,,
117282,,,0.6944244503974915,1.3819530010223389,35.67770495273655,0.6940521597862244,1.3721280097961426,30.754641937196364,3000.0,0.7119865417480469,1.2620644569396973,30.63581155841956,3003.0,15517.171885490416,31737.80412387848,15517.171885490416,16218.220908403397,1.4014921188354492,0.0
117300,0.2680882,1.5610865,,,,,,,,,,,,,,,,,
117400,0.28355816,1.5053421,,,,,,,,,,,,,,,,,
117500,0.2720627,1.6371317,,,,,,,,,,,,,,,,,
117600,0.2571529,1.4122173,,,,,,,,,,,,,,,,,
117700,0.29656684,1.4348282,,,,,,,,,,,,,,,,,
117800,0.27744517,1.5259508,,,,,,,,,,,,,,,,,
117900,0.28611663,1.5222306,,,,,,,,,,,,,,,,,
118000,0.28246105,1.5354831,,,,,,,,,,,,,,,,,
118100,0.2627703,1.4799259,,,,,,,,,,,,,,,,,
118200,0.26899847,1.5178223,,,,,,,,,,,,,,,,,
118300,0.27607945,1.4966407,,,,,,,,,,,,,,,,,
118400,0.2709685,1.505071,,,,,,,,,,,,,,,,,
118500,0.28838402,1.5193897,,,,,,,,,,,,,,,,,
118600,0.27936938,1.4372218,,,,,,,,,,,,,,,,,
118700,0.28334776,1.5429747,,,,,,,,,,,,,,,,,
118800,0.27771208,1.4657903,,,,,,,,,,,,,,,,,
118900,0.28418884,1.4837263,,,,,,,,,,,,,,,,,
119000,0.27304065,1.5295533,,,,,,,,,,,,,,,,,
119100,0.2612518,1.4423292,,,,,,,,,,,,,,,,,
119200,0.2601408,1.5113907,,,,,,,,,,,,,,,,,
119300,0.28188205,1.4536436,,,,,,,,,,,,,,,,,
119400,0.2554935,1.463928,,,,,,,,,,,,,,,,,
119500,0.30775312,1.5195262,,,,,,,,,,,,,,,,,
119600,0.2871702,1.554459,,,,,,,,,,,,,,,,,
119700,0.300982,1.5281022,,,,,,,,,,,,,,,,,
119800,0.27524754,1.6076422,,,,,,,,,,,,,,,,,
119900,0.26949552,1.5229424,,,,,,,,,,,,,,,,,
120000,0.27074257,1.4985702,,,,,,,,,,,,,,,,,
120100,0.26535353,1.5265054,,,,,,,,,,,,,,,,,
120200,0.26538664,1.4652218,,,,,,,,,,,,,,,,,
120300,0.26469395,1.4750913,,,,,,,,,,,,,,,,,
120400,0.2769771,1.4892833,,,,,,,,,,,,,,,,,
120500,0.27886027,1.4818254,,,,,,,,,,,,,,,,,
120600,0.28080106,1.5193073,,,,,,,,,,,,,,,,,
120700,0.2699174,1.3905519,,,,,,,,,,,,,,,,,
120800,0.26456144,1.4277891,,,,,,,,,,,,,,,,,
120900,0.25741398,1.4185618,,,,,,,,,,,,,,,,,
121000,0.26777655,1.5080454,,,,,,,,,,,,,,,,,
121100,0.2717178,1.4275569,,,,,,,,,,,,,,,,,
121200,0.26696452,1.5080675,,,,,,,,,,,,,,,,,
121300,0.2766072,1.4885235,,,,,,,,,,,,,,,,,
121400,0.26534748,1.4950837,,,,,,,,,,,,,,,,,
121500,0.274382,1.5370177,,,,,,,,,,,,,,,,,
121600,0.29853952,1.5361304,,,,,,,,,,,,,,,,,
121700,0.28554258,1.4484293,,,,,,,,,,,,,,,,,
121800,0.27639878,1.5833576,,,,,,,,,,,,,,,,,
121900,0.26119015,1.4859456,,,,,,,,,,,,,,,,,
122000,0.26218283,1.563463,,,,,,,,,,,,,,,,,
122100,0.26765916,1.5405251,,,,,,,,,,,,,,,,,
122198,,,0.6958313584327698,1.366744875907898,35.28731945353237,0.6945109367370605,1.3706297874450684,30.85016934441424,3000.0,0.711498498916626,1.260324239730835,30.662338328913027,3003.0,16161.202248096466,32992.46097826958,16161.202248096466,16828.743269205093,1.4647369384765625,0.0
122198,,,,,,,,,,,,,,16161.202248096466,,,,,0.0
