global_step,grad_norm,loss,train/loss,train/ppl,validation/loss,validation/ppl,validation/num_examples,test/loss,test/ppl,test/num_examples,score,total_duration,accumulated_submission_time,accumulated_eval_time,accumulated_logging_time,preemption_count
0,12.305055,10.992189,,,,,,,,,,,,,,
1,,,10.995501518249512,59605.40389065451,10.99566650390625,59615.23873864268,100000.0,0.0,1.0,0.0,25.705768823623657,358.4136018753052,25.705768823623657,332.7077293395996,0.0,0.0
100,2.1171896,7.002371,,,,,,,,,,,,,,
200,1.303991,6.3659205,,,,,,,,,,,,,,
300,0.4113357,6.750229,,,,,,,,,,,,,,
400,0.750469,6.4184546,,,,,,,,,,,,,,
500,0.6919699,6.1415496,,,,,,,,,,,,,,
600,0.6644432,6.114676,,,,,,,,,,,,,,
700,0.63859314,5.923394,,,,,,,,,,,,,,
800,0.55517143,5.748712,,,,,,,,,,,,,,
900,0.4716681,5.752383,,,,,,,,,,,,,,
1000,0.4157416,5.565111,,,,,,,,,,,,,,
1100,0.54956293,5.4219284,,,,,,,,,,,,,,
1200,0.3780876,5.2442126,,,,,,,,,,,,,,
1300,0.3785519,5.1527042,,,,,,,,,,,,,,
1400,0.3654486,5.044131,,,,,,,,,,,,,,
1500,0.3149654,4.9395146,,,,,,,,,,,,,,
1600,0.31451035,4.860114,,,,,,,,,,,,,,
1700,0.2766624,4.8577957,,,,,,,,,,,,,,
1800,0.27718353,4.6937914,,,,,,,,,,,,,,
1900,0.24956858,4.646334,,,,,,,,,,,,,,
2000,0.27292413,4.6176405,,,,,,,,,,,,,,
2100,0.23527421,4.5594335,,,,,,,,,,,,,,
2200,0.25136077,4.40985,,,,,,,,,,,,,,
2300,0.22564238,4.42458,,,,,,,,,,,,,,
2400,0.21294321,4.3847733,,,,,,,,,,,,,,
2500,0.2196152,4.3269196,,,,,,,,,,,,,,
2600,0.24841769,4.4068766,,,,,,,,,,,,,,
2700,0.20315887,4.3946476,,,,,,,,,,,,,,
2800,0.21011952,4.307085,,,,,,,,,,,,,,
2900,0.19286405,4.2974343,,,,,,,,,,,,,,
3000,0.21896037,4.229489,,,,,,,,,,,,,,
3100,0.17837273,4.2822304,,,,,,,,,,,,,,
3200,0.17247403,4.1734977,,,,,,,,,,,,,,
3300,0.1785916,4.1822014,,,,,,,,,,,,,,
3400,0.1642574,4.058763,,,,,,,,,,,,,,
3500,0.16472201,4.103985,,,,,,,,,,,,,,
3600,0.19725864,4.1134663,,,,,,,,,,,,,,
3700,0.20854838,4.1489573,,,,,,,,,,,,,,
3800,0.17435825,3.957037,,,,,,,,,,,,,,
3900,0.17720903,3.854015,,,,,,,,,,,,,,
4000,0.1664461,3.9970794,,,,,,,,,,,,,,
4100,0.18071003,3.8954787,,,,,,,,,,,,,,
4200,0.18853952,3.8877187,,,,,,,,,,,,,,
4300,0.16182888,3.991311,,,,,,,,,,,,,,
4400,0.15236096,4.016522,,,,,,,,,,,,,,
4500,0.15851767,3.953259,,,,,,,,,,,,,,
4600,0.1641471,3.8820543,,,,,,,,,,,,,,
4700,0.15622112,3.888095,,,,,,,,,,,,,,
4800,0.15874061,3.8195448,,,,,,,,,,,,,,
4900,0.21488476,3.9312792,,,,,,,,,,,,,,
5000,0.16286142,3.9339137,,,,,,,,,,,,,,
5100,0.16087756,3.974767,,,,,,,,,,,,,,
5200,0.16104972,3.8348362,,,,,,,,,,,,,,
5300,0.15369315,3.837131,,,,,,,,,,,,,,
5400,0.15178344,3.8468566,,,,,,,,,,,,,,
5500,0.1684704,3.809442,,,,,,,,,,,,,,
5600,0.14282948,3.7879832,,,,,,,,,,,,,,
5700,0.16663545,3.8431494,,,,,,,,,,,,,,
5800,0.16305369,3.9857302,,,,,,,,,,,,,,
5900,0.16178255,3.6483324,,,,,,,,,,,,,,
6000,0.1586309,3.8115845,,,,,,,,,,,,,,
6100,0.1551119,3.8254213,,,,,,,,,,,,,,
6200,0.16137709,3.6983104,,,,,,,,,,,,,,
6300,0.15527456,3.6773508,,,,,,,,,,,,,,
6400,0.14858182,3.6989532,,,,,,,,,,,,,,
6500,0.16066557,3.6517272,,,,,,,,,,,,,,
6600,0.14926943,3.7799916,,,,,,,,,,,,,,
6700,0.15360059,3.788621,,,,,,,,,,,,,,
6800,0.15817384,3.699707,,,,,,,,,,,,,,
6900,0.16771914,3.7358177,,,,,,,,,,,,,,
7000,0.14919913,3.743351,,,,,,,,,,,,,,
7100,0.16319074,3.6458814,,,,,,,,,,,,,,
7200,0.17338401,3.6957343,,,,,,,,,,,,,,
7300,0.1514284,3.7187617,,,,,,,,,,,,,,
7400,0.16248566,3.5073774,,,,,,,,,,,,,,
7500,0.16468248,3.7031698,,,,,,,,,,,,,,
7600,0.16242498,3.6283035,,,,,,,,,,,,,,
7700,0.1556182,3.711829,,,,,,,,,,,,,,
7800,0.15618594,3.7964604,,,,,,,,,,,,,,
7900,0.15215972,3.6156247,,,,,,,,,,,,,,
8000,0.14907166,3.5629573,,,,,,,,,,,,,,
8100,0.15555575,3.6374345,,,,,,,,,,,,,,
8200,0.16368437,3.5840826,,,,,,,,,,,,,,
8300,0.150536,3.5417552,,,,,,,,,,,,,,
8400,0.16352454,3.6954165,,,,,,,,,,,,,,
8500,0.16815576,3.725509,,,,,,,,,,,,,,
8600,0.14673741,3.5135567,,,,,,,,,,,,,,
8700,0.15797234,3.6466906,,,,,,,,,,,,,,
8800,0.16137497,3.6327205,,,,,,,,,,,,,,
8900,0.16998906,3.7700808,,,,,,,,,,,,,,
9000,0.1635476,3.8400037,,,,,,,,,,,,,,
9100,0.15777054,3.5470924,,,,,,,,,,,,,,
9200,0.15918511,3.739863,,,,,,,,,,,,,,
9300,0.16749024,3.6415029,,,,,,,,,,,,,,
9400,0.16386025,3.5571623,,,,,,,,,,,,,,
9500,0.1751193,3.621574,,,,,,,,,,,,,,
9600,0.16919295,3.630179,,,,,,,,,,,,,,
9700,0.16733573,3.496446,,,,,,,,,,,,,,
9800,0.17130974,3.6720464,,,,,,,,,,,,,,
9900,0.1627716,3.6152844,,,,,,,,,,,,,,
10000,0.17096925,3.6106813,,,,,,,,,,,,,,
10100,0.2146152,3.6102839,,,,,,,,,,,,,,
10200,0.16737571,3.51369,,,,,,,,,,,,,,
10300,0.18136185,3.681458,,,,,,,,,,,,,,
10400,0.17551363,3.5437326,,,,,,,,,,,,,,
10500,0.1627681,3.5707288,,,,,,,,,,,,,,
10600,0.16723427,3.4981897,,,,,,,,,,,,,,
10700,0.16719094,3.5661976,,,,,,,,,,,,,,
10800,0.1706233,3.5764213,,,,,,,,,,,,,,
10900,0.17435145,3.5903645,,,,,,,,,,,,,,
11000,0.18024327,3.4919333,,,,,,,,,,,,,,
11100,0.18035106,3.5506732,,,,,,,,,,,,,,
11200,0.17204267,3.521543,,,,,,,,,,,,,,
11300,0.17760575,3.5784116,,,,,,,,,,,,,,
11400,0.18745317,3.4543555,,,,,,,,,,,,,,
11410,,,3.524432420730591,33.93450762623022,3.5276472568511963,34.04377705462479,100000.0,0.0,1.0,0.0,2596.7469022274017,3258.885369539261,2596.7469022274017,662.0156135559082,0.0501048564910888,0.0
11500,0.17163438,3.6258082,,,,,,,,,,,,,,
11600,0.18929656,3.6216464,,,,,,,,,,,,,,
11700,0.18483654,3.515254,,,,,,,,,,,,,,
11800,0.18063201,3.584189,,,,,,,,,,,,,,
11900,0.17993931,3.6427913,,,,,,,,,,,,,,
12000,0.18066517,3.540646,,,,,,,,,,,,,,
12100,0.18173863,3.5807498,,,,,,,,,,,,,,
12200,0.20757087,3.518907,,,,,,,,,,,,,,
12300,0.18412492,3.3993754,,,,,,,,,,,,,,
12400,0.1944805,3.4307358,,,,,,,,,,,,,,
12500,0.17998375,3.4469934,,,,,,,,,,,,,,
12600,0.1852786,3.5663576,,,,,,,,,,,,,,
12700,0.1742274,3.528822,,,,,,,,,,,,,,
12800,0.1866056,3.4419465,,,,,,,,,,,,,,
12900,0.1958338,3.6545625,,,,,,,,,,,,,,
13000,0.19996311,3.4727018,,,,,,,,,,,,,,
13100,0.21317562,3.5490627,,,,,,,,,,,,,,
13200,0.20648281,3.612986,,,,,,,,,,,,,,
13300,0.19069508,3.4494195,,,,,,,,,,,,,,
13400,0.1960839,3.5684078,,,,,,,,,,,,,,
13500,0.18827829,3.477873,,,,,,,,,,,,,,
13600,0.19922395,3.3891559,,,,,,,,,,,,,,
13700,0.19317117,3.5105565,,,,,,,,,,,,,,
13800,0.20714529,3.5458043,,,,,,,,,,,,,,
13900,0.25513956,3.5339203,,,,,,,,,,,,,,
14000,0.21825762,3.439153,,,,,,,,,,,,,,
14100,0.20546459,3.5426645,,,,,,,,,,,,,,
14200,0.20878,3.476308,,,,,,,,,,,,,,
14300,0.20639932,3.4226663,,,,,,,,,,,,,,
14400,0.20203418,3.3923635,,,,,,,,,,,,,,
14500,0.20595628,3.5370872,,,,,,,,,,,,,,
14600,0.21278866,3.4720588,,,,,,,,,,,,,,
14700,0.23200886,3.5005774,,,,,,,,,,,,,,
14800,0.21932,3.3782935,,,,,,,,,,,,,,
14900,0.24723095,3.4538798,,,,,,,,,,,,,,
15000,0.20094092,3.514627,,,,,,,,,,,,,,
15100,0.22612914,3.5566318,,,,,,,,,,,,,,
15200,0.2810664,3.4372668,,,,,,,,,,,,,,
15300,0.20292772,3.5486064,,,,,,,,,,,,,,
15400,0.2231391,3.4924352,,,,,,,,,,,,,,
15500,0.2274698,3.4480212,,,,,,,,,,,,,,
15600,0.23353364,3.558407,,,,,,,,,,,,,,
15700,0.21116982,3.3817677,,,,,,,,,,,,,,
15800,0.23647383,3.5952406,,,,,,,,,,,,,,
15900,0.23249283,3.404522,,,,,,,,,,,,,,
16000,0.25423667,3.364585,,,,,,,,,,,,,,
16100,0.22513884,3.4310675,,,,,,,,,,,,,,
16200,0.22586775,3.515469,,,,,,,,,,,,,,
16300,0.22510564,3.3784301,,,,,,,,,,,,,,
16400,0.24310556,3.420257,,,,,,,,,,,,,,
16500,0.21758333,3.4463015,,,,,,,,,,,,,,
16600,0.24117455,3.5300188,,,,,,,,,,,,,,
16700,0.28906417,3.394287,,,,,,,,,,,,,,
16800,0.2503971,3.4262724,,,,,,,,,,,,,,
16900,0.22890113,3.4760017,,,,,,,,,,,,,,
17000,0.24146159,3.3757339,,,,,,,,,,,,,,
17100,0.30510187,3.46929,,,,,,,,,,,,,,
17200,0.24142934,3.4931138,,,,,,,,,,,,,,
17300,0.24903633,3.4332895,,,,,,,,,,,,,,
17400,0.23995255,3.4506202,,,,,,,,,,,,,,
17500,0.25168172,3.3972182,,,,,,,,,,,,,,
17600,0.24840847,3.5011196,,,,,,,,,,,,,,
17700,0.23664056,3.3606148,,,,,,,,,,,,,,
17800,0.23850949,3.3556032,,,,,,,,,,,,,,
17900,0.2964755,3.3591645,,,,,,,,,,,,,,
18000,0.24489753,3.4252763,,,,,,,,,,,,,,
18100,0.29776222,3.4269702,,,,,,,,,,,,,,
18200,0.28956744,3.360092,,,,,,,,,,,,,,
18300,0.26156354,3.5129006,,,,,,,,,,,,,,
18400,0.2473378,3.4308548,,,,,,,,,,,,,,
18500,0.2654426,3.3215346,,,,,,,,,,,,,,
18600,0.29290324,3.432126,,,,,,,,,,,,,,
18700,0.30456603,3.3545296,,,,,,,,,,,,,,
18800,0.2815613,3.4417257,,,,,,,,,,,,,,
18900,0.2595211,3.2636924,,,,,,,,,,,,,,
19000,0.2519197,3.3919659,,,,,,,,,,,,,,
19100,0.24694479,3.3855033,,,,,,,,,,,,,,
19200,0.25078046,3.4127946,,,,,,,,,,,,,,
19300,0.2515512,3.3295708,,,,,,,,,,,,,,
19400,0.2572271,3.4156008,,,,,,,,,,,,,,
19500,0.29590636,3.3581161,,,,,,,,,,,,,,
19600,0.2743199,3.6101005,,,,,,,,,,,,,,
19700,0.2509853,3.182362,,,,,,,,,,,,,,
19800,0.2642465,3.3395157,,,,,,,,,,,,,,
19900,0.24779753,3.476407,,,,,,,,,,,,,,
20000,0.2585517,3.344997,,,,,,,,,,,,,,
20100,0.27108356,3.337334,,,,,,,,,,,,,,
20200,0.24778391,3.4280374,,,,,,,,,,,,,,
20300,0.29709536,3.360168,,,,,,,,,,,,,,
20400,0.2736655,3.4026394,,,,,,,,,,,,,,
20500,0.2917325,3.4201918,,,,,,,,,,,,,,
20600,0.26784524,3.4630017,,,,,,,,,,,,,,
20700,0.27302873,3.4076061,,,,,,,,,,,,,,
20800,0.26332164,3.4233222,,,,,,,,,,,,,,
20900,0.26049054,3.3550587,,,,,,,,,,,,,,
21000,0.27060863,3.3399692,,,,,,,,,,,,,,
21100,0.2703468,3.546076,,,,,,,,,,,,,,
21200,0.269679,3.4710007,,,,,,,,,,,,,,
21300,0.24625188,3.3103907,,,,,,,,,,,,,,
21400,0.26258665,3.432076,,,,,,,,,,,,,,
21500,0.27408752,3.4138536,,,,,,,,,,,,,,
21600,0.2773069,3.252757,,,,,,,,,,,,,,
21700,0.30448,3.4453263,,,,,,,,,,,,,,
21800,0.2632082,3.2988234,,,,,,,,,,,,,,
21900,0.26882398,3.425622,,,,,,,,,,,,,,
22000,0.3412272,3.460596,,,,,,,,,,,,,,
22100,0.298822,3.4449077,,,,,,,,,,,,,,
22200,0.296379,3.374832,,,,,,,,,,,,,,
22300,0.28212813,3.25133,,,,,,,,,,,,,,
22400,0.27687106,3.5289056,,,,,,,,,,,,,,
22500,0.28859138,3.3393142,,,,,,,,,,,,,,
22600,0.34803513,3.3675666,,,,,,,,,,,,,,
22700,0.30984282,3.517344,,,,,,,,,,,,,,
22800,0.26435468,3.3958445,,,,,,,,,,,,,,
22846,,,3.31892204284668,27.63054995054379,3.3194589614868164,27.64538929125229,100000.0,0.0,1.0,0.0,5167.79443693161,6159.557198047638,5167.79443693161,991.5339181423188,0.0824878215789794,0.0
22900,0.27609727,3.3990595,,,,,,,,,,,,,,
23000,0.27904898,3.3506522,,,,,,,,,,,,,,
23100,0.27069414,3.3678093,,,,,,,,,,,,,,
23200,0.2752448,3.386801,,,,,,,,,,,,,,
23300,0.32883775,3.454362,,,,,,,,,,,,,,
23400,0.27533805,3.2785408,,,,,,,,,,,,,,
23500,0.2904567,3.4156163,,,,,,,,,,,,,,
23600,0.29333764,3.4275362,,,,,,,,,,,,,,
23700,0.26874238,3.392517,,,,,,,,,,,,,,
23800,0.28791344,3.3591704,,,,,,,,,,,,,,
23900,0.2613873,3.2924566,,,,,,,,,,,,,,
24000,0.30234978,3.385275,,,,,,,,,,,,,,
24100,0.29294285,3.379816,,,,,,,,,,,,,,
24200,0.38797793,3.3602033,,,,,,,,,,,,,,
24300,0.28119832,3.407463,,,,,,,,,,,,,,
24400,0.28243545,3.3229067,,,,,,,,,,,,,,
24500,0.27102625,3.3490274,,,,,,,,,,,,,,
24600,0.31135514,3.466384,,,,,,,,,,,,,,
24700,0.29955357,3.4480453,,,,,,,,,,,,,,
24800,0.27138963,3.3906386,,,,,,,,,,,,,,
24900,0.2680888,3.3899088,,,,,,,,,,,,,,
25000,0.30888513,3.391414,,,,,,,,,,,,,,
25100,0.29582563,3.3885229,,,,,,,,,,,,,,
25200,0.27202258,3.4443789,,,,,,,,,,,,,,
25300,0.29982755,3.3525126,,,,,,,,,,,,,,
25400,0.34177262,3.3912563,,,,,,,,,,,,,,
25500,0.27347952,3.3048582,,,,,,,,,,,,,,
25600,0.28303185,3.346381,,,,,,,,,,,,,,
25700,0.33849847,3.241303,,,,,,,,,,,,,,
25800,0.32044348,3.2857585,,,,,,,,,,,,,,
25900,0.30365816,3.2871346,,,,,,,,,,,,,,
26000,0.32021046,3.3071551,,,,,,,,,,,,,,
26100,0.2859557,3.2488837,,,,,,,,,,,,,,
26200,0.29529175,3.4357104,,,,,,,,,,,,,,
26300,0.32472026,3.3294957,,,,,,,,,,,,,,
26400,0.29147616,3.382821,,,,,,,,,,,,,,
26500,0.2961218,3.4135866,,,,,,,,,,,,,,
26600,0.2789763,3.3357725,,,,,,,,,,,,,,
26700,0.28402513,3.3852143,,,,,,,,,,,,,,
26800,0.28287765,3.3300161,,,,,,,,,,,,,,
26900,0.2831944,3.4220877,,,,,,,,,,,,,,
27000,0.2993142,3.2519357,,,,,,,,,,,,,,
27100,0.3304046,3.386592,,,,,,,,,,,,,,
27200,0.30701637,3.4260871,,,,,,,,,,,,,,
27300,0.29031688,3.3304076,,,,,,,,,,,,,,
27400,0.3026935,3.2449603,,,,,,,,,,,,,,
27500,0.29483214,3.4408603,,,,,,,,,,,,,,
27600,0.28484994,3.3100066,,,,,,,,,,,,,,
27700,0.3234121,3.3478513,,,,,,,,,,,,,,
27800,0.28810465,3.357285,,,,,,,,,,,,,,
27900,0.286301,3.3872156,,,,,,,,,,,,,,
28000,0.28547356,3.2129629,,,,,,,,,,,,,,
28100,0.33304012,3.2918508,,,,,,,,,,,,,,
28200,0.28975627,3.2700891,,,,,,,,,,,,,,
28300,0.2855386,3.330902,,,,,,,,,,,,,,
28400,0.3259045,3.3875606,,,,,,,,,,,,,,
28500,0.3126415,3.36029,,,,,,,,,,,,,,
28600,0.27671847,3.2420218,,,,,,,,,,,,,,
28700,0.2783334,3.3303509,,,,,,,,,,,,,,
28800,0.3130857,3.2760587,,,,,,,,,,,,,,
28900,0.29397193,3.2832756,,,,,,,,,,,,,,
29000,0.27420214,3.256746,,,,,,,,,,,,,,
29100,0.31586576,3.3188863,,,,,,,,,,,,,,
29200,0.2878106,3.2296786,,,,,,,,,,,,,,
29300,0.29518518,3.2792492,,,,,,,,,,,,,,
29400,0.304754,3.341396,,,,,,,,,,,,,,
29500,0.2761854,3.3358126,,,,,,,,,,,,,,
29600,0.30119592,3.3105674,,,,,,,,,,,,,,
29700,0.3678148,3.3074121,,,,,,,,,,,,,,
29800,0.2877177,3.4142113,,,,,,,,,,,,,,
29900,0.30631104,3.31384,,,,,,,,,,,,,,
30000,0.3245847,3.2714615,,,,,,,,,,,,,,
30100,0.3121503,3.3548818,,,,,,,,,,,,,,
30200,0.29545984,3.3783407,,,,,,,,,,,,,,
30300,0.29925555,3.2454126,,,,,,,,,,,,,,
30400,0.275775,3.289659,,,,,,,,,,,,,,
30500,0.29223,3.3296537,,,,,,,,,,,,,,
30600,0.2895031,3.2739687,,,,,,,,,,,,,,
30700,0.44154522,3.2996573,,,,,,,,,,,,,,
30800,0.2816357,3.465567,,,,,,,,,,,,,,
30900,0.2781075,3.286839,,,,,,,,,,,,,,
31000,0.2883768,3.3088145,,,,,,,,,,,,,,
31100,0.31610978,3.2906005,,,,,,,,,,,,,,
31200,0.30801162,3.3212929,,,,,,,,,,,,,,
31300,0.30293658,3.1714265,,,,,,,,,,,,,,
31400,0.2883396,3.2016718,,,,,,,,,,,,,,
31500,0.29078153,3.2953498,,,,,,,,,,,,,,
31600,0.29710892,3.3533864,,,,,,,,,,,,,,
31700,0.3050887,3.3232152,,,,,,,,,,,,,,
31800,0.36939982,3.2336373,,,,,,,,,,,,,,
31900,0.29406446,3.2416277,,,,,,,,,,,,,,
32000,0.30484778,3.3259916,,,,,,,,,,,,,,
32100,0.30579636,3.2955153,,,,,,,,,,,,,,
32200,0.2954298,3.210468,,,,,,,,,,,,,,
32300,0.29456928,3.3421197,,,,,,,,,,,,,,
32400,0.30555493,3.3686366,,,,,,,,,,,,,,
32500,0.31195822,3.180572,,,,,,,,,,,,,,
32600,0.32942846,3.3183951,,,,,,,,,,,,,,
32700,0.2817455,3.281732,,,,,,,,,,,,,,
32800,0.310589,3.2097738,,,,,,,,,,,,,,
32900,0.33221987,3.4207969,,,,,,,,,,,,,,
33000,0.2917305,3.1485417,,,,,,,,,,,,,,
33100,0.30903238,3.3340316,,,,,,,,,,,,,,
33200,0.29324472,3.3235216,,,,,,,,,,,,,,
33300,0.29456845,3.313668,,,,,,,,,,,,,,
33400,0.3188989,3.2545733,,,,,,,,,,,,,,
33500,0.2940514,3.3177068,,,,,,,,,,,,,,
33600,0.30182457,3.3112783,,,,,,,,,,,,,,
33700,0.30662584,3.3034039,,,,,,,,,,,,,,
33800,0.298961,3.1665993,,,,,,,,,,,,,,
33900,0.2803214,3.2376432,,,,,,,,,,,,,,
34000,0.28508183,3.1781292,,,,,,,,,,,,,,
34100,0.3005174,3.359319,,,,,,,,,,,,,,
34200,0.2930526,3.2483282,,,,,,,,,,,,,,
34294,,,3.217609167098999,24.96835360257872,3.2169606685638428,24.95216691093237,100000.0,0.0,1.0,0.0,7738.909580230713,9060.008598089218,7738.909580230713,1320.7671632766724,0.1144556999206543,0.0
34300,0.29077038,3.203805,,,,,,,,,,,,,,
34400,0.3007571,3.2637606,,,,,,,,,,,,,,
34500,0.28581196,3.2053103,,,,,,,,,,,,,,
34600,0.32132766,3.2652042,,,,,,,,,,,,,,
34700,0.32800844,3.3007803,,,,,,,,,,,,,,
34800,0.2958551,3.2929885,,,,,,,,,,,,,,
34900,0.40036017,3.522746,,,,,,,,,,,,,,
35000,0.3093864,3.303293,,,,,,,,,,,,,,
35100,0.28453335,3.4529366,,,,,,,,,,,,,,
35200,0.29841357,3.331348,,,,,,,,,,,,,,
35300,0.2840895,3.2712483,,,,,,,,,,,,,,
35400,0.28817633,3.2630186,,,,,,,,,,,,,,
35500,0.2931255,3.2956834,,,,,,,,,,,,,,
35600,0.3606818,3.359088,,,,,,,,,,,,,,
35700,0.31698513,3.2537417,,,,,,,,,,,,,,
35800,0.33310366,3.3184266,,,,,,,,,,,,,,
35900,0.35043678,3.3319147,,,,,,,,,,,,,,
36000,0.30441868,3.2664018,,,,,,,,,,,,,,
36100,0.29268134,3.210111,,,,,,,,,,,,,,
36200,0.3071348,3.2916002,,,,,,,,,,,,,,
36300,0.30416518,3.2787204,,,,,,,,,,,,,,
36400,0.29913792,3.3043597,,,,,,,,,,,,,,
36500,0.30073717,3.4507651,,,,,,,,,,,,,,
36600,0.30362293,3.1951256,,,,,,,,,,,,,,
36700,0.29542547,3.3152936,,,,,,,,,,,,,,
36800,0.32655048,3.2930045,,,,,,,,,,,,,,
36900,0.36145625,3.3518233,,,,,,,,,,,,,,
37000,0.30263716,3.2902036,,,,,,,,,,,,,,
37100,0.29393318,3.409657,,,,,,,,,,,,,,
37200,0.31489772,3.2630656,,,,,,,,,,,,,,
37300,0.29284558,3.233006,,,,,,,,,,,,,,
37400,0.3083826,3.2655773,,,,,,,,,,,,,,
37500,0.30573225,3.3486485,,,,,,,,,,,,,,
37600,0.3216892,3.2864225,,,,,,,,,,,,,,
37700,0.33638346,3.3974822,,,,,,,,,,,,,,
37800,0.2939229,3.2400649,,,,,,,,,,,,,,
37900,0.29399887,3.3879929,,,,,,,,,,,,,,
38000,0.28912336,3.1972897,,,,,,,,,,,,,,
38100,0.36689174,3.387762,,,,,,,,,,,,,,
38200,0.32446513,3.3329597,,,,,,,,,,,,,,
38300,0.39058107,3.229132,,,,,,,,,,,,,,
38400,0.30196965,3.28369,,,,,,,,,,,,,,
38500,0.31811935,3.2426088,,,,,,,,,,,,,,
38600,0.34412125,3.349115,,,,,,,,,,,,,,
38700,0.2888655,3.2021623,,,,,,,,,,,,,,
38800,0.30564585,3.4022865,,,,,,,,,,,,,,
38900,0.3420767,3.168594,,,,,,,,,,,,,,
39000,0.29047677,3.151354,,,,,,,,,,,,,,
39100,0.29915988,3.2491493,,,,,,,,,,,,,,
39200,0.30008173,3.3361306,,,,,,,,,,,,,,
39300,0.45586717,3.5195248,,,,,,,,,,,,,,
39400,0.29421303,3.3011184,,,,,,,,,,,,,,
39500,0.3110235,3.345138,,,,,,,,,,,,,,
39600,0.34475493,3.2940493,,,,,,,,,,,,,,
39700,0.3092127,3.3434324,,,,,,,,,,,,,,
39800,0.29154313,3.185368,,,,,,,,,,,,,,
39900,0.28197214,3.3136697,,,,,,,,,,,,,,
40000,0.33109894,3.3506207,,,,,,,,,,,,,,
40100,0.31609228,3.150352,,,,,,,,,,,,,,
40200,0.3112593,3.2358708,,,,,,,,,,,,,,
40300,0.29576918,3.2712781,,,,,,,,,,,,,,
40400,0.3182094,3.354894,,,,,,,,,,,,,,
40500,0.30030584,3.3726397,,,,,,,,,,,,,,
40600,0.3025093,3.2308083,,,,,,,,,,,,,,
40700,0.3149239,3.2213411,,,,,,,,,,,,,,
40800,0.28333053,3.2232058,,,,,,,,,,,,,,
40900,0.35479695,3.4583507,,,,,,,,,,,,,,
41000,0.32029694,3.3075538,,,,,,,,,,,,,,
41100,0.32259804,3.252433,,,,,,,,,,,,,,
41200,0.2998163,3.2068288,,,,,,,,,,,,,,
41300,0.38645896,3.5384834,,,,,,,,,,,,,,
41400,0.27320227,3.2397246,,,,,,,,,,,,,,
41500,0.2728255,3.3441799,,,,,,,,,,,,,,
41600,0.28962755,3.319784,,,,,,,,,,,,,,
41700,0.29094544,3.1706429,,,,,,,,,,,,,,
41800,0.29543808,3.3004587,,,,,,,,,,,,,,
41900,0.31092057,3.2580748,,,,,,,,,,,,,,
42000,0.310311,3.197104,,,,,,,,,,,,,,
42100,0.33078504,3.2318473,,,,,,,,,,,,,,
42200,0.29684356,3.3233733,,,,,,,,,,,,,,
42300,0.319939,3.336866,,,,,,,,,,,,,,
42400,0.29159638,3.2383332,,,,,,,,,,,,,,
42500,0.32934108,3.2526517,,,,,,,,,,,,,,
42600,0.32048687,3.4141226,,,,,,,,,,,,,,
42700,0.29962838,3.2541375,,,,,,,,,,,,,,
42800,0.31803426,3.1498206,,,,,,,,,,,,,,
42900,0.36878848,3.3269606,,,,,,,,,,,,,,
43000,0.329401,3.339068,,,,,,,,,,,,,,
43100,0.29155108,3.3299685,,,,,,,,,,,,,,
43200,0.30339548,3.1960018,,,,,,,,,,,,,,
43300,0.32091975,3.2913933,,,,,,,,,,,,,,
43400,0.32649997,3.2025573,,,,,,,,,,,,,,
43500,0.2873928,3.1843421,,,,,,,,,,,,,,
43600,0.32836318,3.2680907,,,,,,,,,,,,,,
43700,0.30027854,3.1628623,,,,,,,,,,,,,,
43800,0.33132043,3.3001065,,,,,,,,,,,,,,
43900,0.29245317,3.237661,,,,,,,,,,,,,,
44000,0.32751763,3.2025347,,,,,,,,,,,,,,
44100,0.3558766,3.349368,,,,,,,,,,,,,,
44200,0.3052054,3.174683,,,,,,,,,,,,,,
44300,0.30767488,3.2339828,,,,,,,,,,,,,,
44400,0.30998817,3.1237502,,,,,,,,,,,,,,
44500,0.33477223,3.1915817,,,,,,,,,,,,,,
44600,0.31137285,3.359426,,,,,,,,,,,,,,
44700,0.30936727,3.3172424,,,,,,,,,,,,,,
44800,0.32652986,3.2040663,,,,,,,,,,,,,,
44900,0.3233112,3.2736428,,,,,,,,,,,,,,
45000,0.30155882,3.3132937,,,,,,,,,,,,,,
45100,0.29372224,3.3212304,,,,,,,,,,,,,,
45200,0.29446706,3.2014956,,,,,,,,,,,,,,
45300,0.2804033,3.2072558,,,,,,,,,,,,,,
45400,0.34316176,3.291833,,,,,,,,,,,,,,
45500,0.305138,3.3494039,,,,,,,,,,,,,,
45600,0.3280511,3.2495747,,,,,,,,,,,,,,
45700,0.3037981,3.3426416,,,,,,,,,,,,,,
45744,,,3.171372175216675,23.84017481982648,3.16972017288208,23.800823308710644,100000.0,0.0,1.0,0.0,10309.923181056976,11960.382620096208,10309.923181056976,1650.0272572040558,0.1488640308380127,0.0
45800,0.30600223,3.2581978,,,,,,,,,,,,,,
45900,0.30322888,3.2571688,,,,,,,,,,,,,,
46000,0.32134268,3.1346576,,,,,,,,,,,,,,
46100,0.28621164,3.2757323,,,,,,,,,,,,,,
46200,0.29625347,3.1670718,,,,,,,,,,,,,,
46300,0.31456867,3.399991,,,,,,,,,,,,,,
46400,0.30481195,3.2548926,,,,,,,,,,,,,,
46500,0.31121945,3.1847496,,,,,,,,,,,,,,
46600,0.28081018,3.191205,,,,,,,,,,,,,,
46700,0.28196916,3.1698837,,,,,,,,,,,,,,
46800,0.27672353,3.1278238,,,,,,,,,,,,,,
46900,0.286463,3.1496282,,,,,,,,,,,,,,
47000,0.29159528,3.251752,,,,,,,,,,,,,,
47100,0.31487265,3.1880658,,,,,,,,,,,,,,
47200,0.29848564,3.3940806,,,,,,,,,,,,,,
47300,0.2924634,3.185989,,,,,,,,,,,,,,
47400,0.31448522,3.3187525,,,,,,,,,,,,,,
47500,0.310517,3.3162584,,,,,,,,,,,,,,
47600,0.3099985,3.1324086,,,,,,,,,,,,,,
47700,0.29031134,3.245616,,,,,,,,,,,,,,
47800,0.31543112,3.3513458,,,,,,,,,,,,,,
47900,0.30752072,3.1546555,,,,,,,,,,,,,,
48000,0.33605158,3.2526608,,,,,,,,,,,,,,
48100,0.29117545,3.204937,,,,,,,,,,,,,,
48200,0.3433449,3.3281422,,,,,,,,,,,,,,
48300,0.30294445,3.242971,,,,,,,,,,,,,,
48400,0.3083417,3.262014,,,,,,,,,,,,,,
48500,0.29469028,3.1642962,,,,,,,,,,,,,,
48600,0.3141087,3.3899121,,,,,,,,,,,,,,
48700,0.3232108,3.2052126,,,,,,,,,,,,,,
48800,0.29196593,3.2550244,,,,,,,,,,,,,,
48900,0.2912792,3.1497939,,,,,,,,,,,,,,
49000,0.3035813,3.2187164,,,,,,,,,,,,,,
49100,0.32278657,3.2215497,,,,,,,,,,,,,,
49200,0.31626132,3.297894,,,,,,,,,,,,,,
49300,0.30946335,3.3481183,,,,,,,,,,,,,,
49400,0.30370688,3.3480062,,,,,,,,,,,,,,
49500,0.2894378,3.2543616,,,,,,,,,,,,,,
49600,0.2986874,3.1235435,,,,,,,,,,,,,,
49700,0.3093937,3.2208686,,,,,,,,,,,,,,
49800,0.31071228,3.2157164,,,,,,,,,,,,,,
49900,0.29300717,3.1847305,,,,,,,,,,,,,,
50000,0.31214744,3.2481642,,,,,,,,,,,,,,
50100,0.29299957,3.195063,,,,,,,,,,,,,,
50200,0.29838994,3.2677407,,,,,,,,,,,,,,
50300,0.30336288,3.1962357,,,,,,,,,,,,,,
50400,0.3275921,3.2590084,,,,,,,,,,,,,,
50500,0.29272872,3.300138,,,,,,,,,,,,,,
50600,0.30011845,3.267129,,,,,,,,,,,,,,
50700,0.32025787,3.1936188,,,,,,,,,,,,,,
50800,0.30508783,3.259941,,,,,,,,,,,,,,
50900,0.3192106,3.2269776,,,,,,,,,,,,,,
51000,0.3015169,3.2449741,,,,,,,,,,,,,,
51100,0.30005243,3.177095,,,,,,,,,,,,,,
51200,0.29904196,3.1504493,,,,,,,,,,,,,,
51300,0.38852048,3.2855744,,,,,,,,,,,,,,
51400,0.29825556,3.2030632,,,,,,,,,,,,,,
51500,0.29442737,3.2224374,,,,,,,,,,,,,,
51600,0.31150535,3.3032465,,,,,,,,,,,,,,
51700,0.3336493,3.2875028,,,,,,,,,,,,,,
51800,0.28692827,3.2122855,,,,,,,,,,,,,,
51900,0.29576728,3.2283409,,,,,,,,,,,,,,
52000,0.30588353,3.2618234,,,,,,,,,,,,,,
52100,0.3083859,3.287016,,,,,,,,,,,,,,
52200,0.3376404,3.2461677,,,,,,,,,,,,,,
52300,0.31280607,3.2303562,,,,,,,,,,,,,,
52400,0.292808,3.165401,,,,,,,,,,,,,,
52500,0.28358927,3.1328247,,,,,,,,,,,,,,
52600,0.30662078,3.1761816,,,,,,,,,,,,,,
52700,0.32933006,3.2711015,,,,,,,,,,,,,,
52800,0.31152332,3.1920023,,,,,,,,,,,,,,
52900,0.32372528,3.199933,,,,,,,,,,,,,,
53000,0.30531967,3.10492,,,,,,,,,,,,,,
53100,0.3148176,3.2550302,,,,,,,,,,,,,,
53200,0.3138291,3.2170777,,,,,,,,,,,,,,
53300,0.32379994,3.1304035,,,,,,,,,,,,,,
53400,0.29477027,3.165646,,,,,,,,,,,,,,
53500,0.29055896,3.137215,,,,,,,,,,,,,,
53600,0.30667537,3.2870674,,,,,,,,,,,,,,
53700,0.30122697,3.236045,,,,,,,,,,,,,,
53800,0.30127,3.1711693,,,,,,,,,,,,,,
53900,0.3125453,3.2987404,,,,,,,,,,,,,,
54000,0.3396268,3.0769248,,,,,,,,,,,,,,
54100,0.30682588,3.1868718,,,,,,,,,,,,,,
54200,0.28267428,3.172009,,,,,,,,,,,,,,
54300,0.302486,3.251514,,,,,,,,,,,,,,
54400,0.30400622,3.192454,,,,,,,,,,,,,,
54500,0.3161243,3.1200132,,,,,,,,,,,,,,
54600,0.29299232,3.2405465,,,,,,,,,,,,,,
54700,0.313897,3.314782,,,,,,,,,,,,,,
54800,0.30221856,3.234958,,,,,,,,,,,,,,
54900,0.28818437,3.1273892,,,,,,,,,,,,,,
55000,0.3065107,3.2785983,,,,,,,,,,,,,,
55100,0.30481005,3.1662893,,,,,,,,,,,,,,
55200,0.32463497,3.1776586,,,,,,,,,,,,,,
55300,0.29152215,3.1705766,,,,,,,,,,,,,,
55400,0.3099278,3.1708374,,,,,,,,,,,,,,
55500,0.29293254,3.2228944,,,,,,,,,,,,,,
55600,0.3505253,3.2772734,,,,,,,,,,,,,,
55700,0.30523905,3.1868722,,,,,,,,,,,,,,
55800,0.3057902,3.1294296,,,,,,,,,,,,,,
55900,0.30481663,3.1672342,,,,,,,,,,,,,,
56000,0.2895819,3.2424862,,,,,,,,,,,,,,
56100,0.31918514,3.1846504,,,,,,,,,,,,,,
56200,0.3140465,3.1862018,,,,,,,,,,,,,,
56300,0.31638896,3.210033,,,,,,,,,,,,,,
56400,0.31650472,3.221971,,,,,,,,,,,,,,
56500,0.29520333,3.2301764,,,,,,,,,,,,,,
56600,0.30217215,3.1992917,,,,,,,,,,,,,,
56700,0.32283026,3.2319853,,,,,,,,,,,,,,
56800,0.3391584,3.1703458,,,,,,,,,,,,,,
56900,0.3093549,3.1573281,,,,,,,,,,,,,,
57000,0.31584522,3.1738856,,,,,,,,,,,,,,
57100,0.30222693,3.3492713,,,,,,,,,,,,,,
57200,,,3.1211583614349365,22.67262753533304,3.119720935821533,22.64006073157697,100000.0,0.0,1.0,0.0,12880.940367937088,14861.095667600632,12880.940367937088,1979.596869945526,0.209625244140625,0.0
57200,0.4083486,3.2599034,,,,,,,,,,,,,,
57300,0.318887,3.1194115,,,,,,,,,,,,,,
57400,0.30391383,3.247883,,,,,,,,,,,,,,
57500,0.302637,3.2690732,,,,,,,,,,,,,,
57600,0.2879883,3.1654134,,,,,,,,,,,,,,
57700,0.344044,3.264792,,,,,,,,,,,,,,
57800,0.3127871,3.0868223,,,,,,,,,,,,,,
57900,0.320625,3.1840155,,,,,,,,,,,,,,
58000,0.35239166,3.1256256,,,,,,,,,,,,,,
58100,0.3028255,3.17223,,,,,,,,,,,,,,
58200,0.30864272,3.2871237,,,,,,,,,,,,,,
58300,0.2984411,3.1564753,,,,,,,,,,,,,,
58400,0.30916122,3.259628,,,,,,,,,,,,,,
58500,0.35003832,3.13657,,,,,,,,,,,,,,
58600,0.33287525,3.2756999,,,,,,,,,,,,,,
58700,0.6867599,3.4338613,,,,,,,,,,,,,,
58800,0.29618454,3.1730235,,,,,,,,,,,,,,
58900,0.30987224,3.1307907,,,,,,,,,,,,,,
59000,0.30377612,3.1546564,,,,,,,,,,,,,,
59100,0.30637777,3.2255585,,,,,,,,,,,,,,
59200,0.32887173,3.1181793,,,,,,,,,,,,,,
59300,0.3047288,3.166949,,,,,,,,,,,,,,
59400,0.33300918,3.2444792,,,,,,,,,,,,,,
59500,0.37557504,3.2659173,,,,,,,,,,,,,,
59600,0.30021405,3.1659708,,,,,,,,,,,,,,
59700,0.31521004,3.1861033,,,,,,,,,,,,,,
59800,0.3116239,3.2092242,,,,,,,,,,,,,,
59900,0.2916685,3.2097309,,,,,,,,,,,,,,
60000,0.30646035,3.1013737,,,,,,,,,,,,,,
60100,0.32807177,3.1856983,,,,,,,,,,,,,,
60200,0.30246928,3.220489,,,,,,,,,,,,,,
60300,0.30586377,3.16435,,,,,,,,,,,,,,
60400,0.3138091,3.0968509,,,,,,,,,,,,,,
60500,0.35914066,3.2199044,,,,,,,,,,,,,,
60600,0.31564343,3.1186626,,,,,,,,,,,,,,
60700,0.32382745,3.2519052,,,,,,,,,,,,,,
60800,0.357412,3.315168,,,,,,,,,,,,,,
60900,0.32697567,3.2043657,,,,,,,,,,,,,,
61000,0.31512937,3.0053568,,,,,,,,,,,,,,
61100,0.31878057,3.159248,,,,,,,,,,,,,,
61200,0.30020398,3.2070239,,,,,,,,,,,,,,
61300,0.31846765,3.1966124,,,,,,,,,,,,,,
61400,0.29564577,3.0325632,,,,,,,,,,,,,,
61500,0.3073487,3.2135248,,,,,,,,,,,,,,
61600,0.321221,3.1187067,,,,,,,,,,,,,,
61700,0.31171605,3.2075157,,,,,,,,,,,,,,
61800,0.32144794,3.2175293,,,,,,,,,,,,,,
61900,0.30796736,3.1617877,,,,,,,,,,,,,,
62000,0.31498343,3.226202,,,,,,,,,,,,,,
62100,0.3215469,3.1296632,,,,,,,,,,,,,,
62200,0.31723338,3.3937802,,,,,,,,,,,,,,
62300,0.32700893,3.137362,,,,,,,,,,,,,,
62400,0.30766615,3.0663662,,,,,,,,,,,,,,
62500,0.32663646,3.1598258,,,,,,,,,,,,,,
62600,0.3053305,3.0889142,,,,,,,,,,,,,,
62700,0.33356065,3.2491767,,,,,,,,,,,,,,
62800,0.32320344,3.1465583,,,,,,,,,,,,,,
62900,0.34051538,3.1025476,,,,,,,,,,,,,,
63000,0.30683812,3.2102723,,,,,,,,,,,,,,
63100,0.29080486,3.0821643,,,,,,,,,,,,,,
63200,0.507937,3.4247112,,,,,,,,,,,,,,
63300,0.32673693,3.241649,,,,,,,,,,,,,,
63400,0.30286428,3.2158952,,,,,,,,,,,,,,
63500,0.30868128,3.1521628,,,,,,,,,,,,,,
63600,0.29259056,3.2579484,,,,,,,,,,,,,,
63700,0.32257035,3.157576,,,,,,,,,,,,,,
63800,0.2992004,3.1546836,,,,,,,,,,,,,,
63900,0.30762845,3.1917117,,,,,,,,,,,,,,
64000,0.31487712,3.3393712,,,,,,,,,,,,,,
64100,0.3450471,3.1906219,,,,,,,,,,,,,,
64200,0.30576727,3.1612668,,,,,,,,,,,,,,
64300,0.3061776,3.1668139,,,,,,,,,,,,,,
64400,0.33902466,3.178503,,,,,,,,,,,,,,
64500,0.33713377,3.2304325,,,,,,,,,,,,,,
64600,0.32191435,3.1849606,,,,,,,,,,,,,,
64700,0.32157817,3.2856624,,,,,,,,,,,,,,
64800,0.31255305,3.2125595,,,,,,,,,,,,,,
64900,0.34714532,3.1092834,,,,,,,,,,,,,,
65000,0.30924827,3.1881561,,,,,,,,,,,,,,
65100,0.32710952,3.1281738,,,,,,,,,,,,,,
65200,0.32043296,3.2117248,,,,,,,,,,,,,,
65300,0.506699,3.4347444,,,,,,,,,,,,,,
65400,0.3190397,3.2803144,,,,,,,,,,,,,,
65500,0.30445233,3.1904216,,,,,,,,,,,,,,
65600,0.32707906,3.311088,,,,,,,,,,,,,,
65700,0.30827135,3.1700027,,,,,,,,,,,,,,
65800,0.31958002,3.200092,,,,,,,,,,,,,,
65900,0.36856598,3.2680633,,,,,,,,,,,,,,
66000,0.32893395,3.3028045,,,,,,,,,,,,,,
66100,0.35580087,3.222815,,,,,,,,,,,,,,
66200,0.30834368,3.1453836,,,,,,,,,,,,,,
66300,0.30540723,3.0736241,,,,,,,,,,,,,,
66400,0.34121057,3.113214,,,,,,,,,,,,,,
66500,0.3329994,3.179485,,,,,,,,,,,,,,
66600,0.3692146,3.1480842,,,,,,,,,,,,,,
66700,0.3391103,3.1610677,,,,,,,,,,,,,,
66800,0.37274677,3.2569795,,,,,,,,,,,,,,
66900,0.30267194,3.2178402,,,,,,,,,,,,,,
67000,0.3753526,3.2597673,,,,,,,,,,,,,,
67100,0.3106969,3.2837658,,,,,,,,,,,,,,
67200,0.32477802,3.224207,,,,,,,,,,,,,,
67300,0.33399525,3.2571015,,,,,,,,,,,,,,
67400,0.32032275,3.055709,,,,,,,,,,,,,,
67500,0.33359993,3.2782073,,,,,,,,,,,,,,
67600,0.31277347,3.2669964,,,,,,,,,,,,,,
67700,0.342775,3.284918,,,,,,,,,,,,,,
67800,0.3252984,3.1917076,,,,,,,,,,,,,,
67900,0.3270222,3.0499125,,,,,,,,,,,,,,
68000,0.31953773,3.1665769,,,,,,,,,,,,,,
68100,0.30138165,3.1053686,,,,,,,,,,,,,,
68200,0.31992546,3.1703959,,,,,,,,,,,,,,
68300,0.32328856,3.2704618,,,,,,,,,,,,,,
68400,0.32066473,3.0646346,,,,,,,,,,,,,,
68500,0.32297903,3.106493,,,,,,,,,,,,,,
68600,0.31811222,3.1217172,,,,,,,,,,,,,,
68640,,,3.0946686267852783,22.07992063085321,3.0939340591430664,22.063707391204822,100000.0,0.0,1.0,0.0,15451.99134683609,17761.82177042961,15451.99134683609,2309.169600486756,0.245990514755249,0.0
68640,,,,,,,,,,,15451.99134683609,,,,,0.0
