global_step,grad_norm,loss,train/accuracy,train/loss,validation/accuracy,validation/loss,validation/num_examples,test/accuracy,test/loss,test/num_examples,score,total_duration,accumulated_submission_time,accumulated_eval_time,accumulated_logging_time,preemption_count
0,0.35345075,6.907756,,,,,,,,,,,,,,
1,,,0.00091796875,6.907755,0.0009999999,6.907755,50000.0,0.001,6.907755,10000.0,58.52012538909912,135.09632539749146,58.52012538909912,76.57610821723938,0.0,0.0
100,0.53926075,6.86416,,,,,,,,,,,,,,
200,0.595326,6.7617326,,,,,,,,,,,,,,
300,0.66459125,6.6709614,,,,,,,,,,,,,,
400,0.7983452,6.583516,,,,,,,,,,,,,,
500,0.8995888,6.442344,,,,,,,,,,,,,,
600,0.92606896,6.653635,,,,,,,,,,,,,,
700,1.1774136,6.3275013,,,,,,,,,,,,,,
800,1.0756553,6.324486,,,,,,,,,,,,,,
900,1.5639788,6.2394705,,,,,,,,,,,,,,
1000,0.90823615,6.1258245,,,,,,,,,,,,,,
1100,2.1408453,6.155019,,,,,,,,,,,,,,
1200,1.2530576,6.1010942,,,,,,,,,,,,,,
1300,1.0481093,5.836751,,,,,,,,,,,,,,
1400,1.1911799,5.881454,,,,,,,,,,,,,,
1500,1.0093606,5.8365593,,,,,,,,,,,,,,
1600,1.0180188,6.215151,,,,,,,,,,,,,,
1700,1.3631855,5.8023305,,,,,,,,,,,,,,
1800,1.3477416,5.7746606,,,,,,,,,,,,,,
1900,1.366835,5.669726,,,,,,,,,,,,,,
2000,1.2031397,6.458573,,,,,,,,,,,,,,
2100,1.0796591,5.6213284,,,,,,,,,,,,,,
2200,0.94429165,6.5631466,,,,,,,,,,,,,,
2300,1.1622949,5.5030756,,,,,,,,,,,,,,
2400,1.2590812,5.4626255,,,,,,,,,,,,,,
2500,1.0426927,5.271102,,,,,,,,,,,,,,
2600,0.8433448,6.54245,,,,,,,,,,,,,,
2700,1.1713638,5.304414,,,,,,,,,,,,,,
2800,1.3220096,5.1943817,,,,,,,,,,,,,,
2900,1.1194861,5.1559553,,,,,,,,,,,,,,
3000,1.108249,5.2338343,,,,,,,,,,,,,,
3100,1.3622859,5.123172,,,,,,,,,,,,,,
3200,1.0999769,5.0474434,,,,,,,,,,,,,,
3300,0.91410387,5.3905783,,,,,,,,,,,,,,
3400,1.9912574,5.1953545,,,,,,,,,,,,,,
3500,0.99498653,4.921451,,,,,,,,,,,,,,
3600,0.9389541,5.1010256,,,,,,,,,,,,,,
3700,1.0382625,4.8374205,,,,,,,,,,,,,,
3800,1.2169656,5.096062,,,,,,,,,,,,,,
3900,0.8899155,5.2487845,,,,,,,,,,,,,,
4000,1.0964795,4.8840876,,,,,,,,,,,,,,
4100,0.82957774,5.401614,,,,,,,,,,,,,,
4200,1.5899014,4.8550367,,,,,,,,,,,,,,
4300,1.0361295,4.653799,,,,,,,,,,,,,,
4400,1.4051942,4.6738114,,,,,,,,,,,,,,
4500,1.1428329,4.484032,,,,,,,,,,,,,,
4600,1.2590967,4.643405,,,,,,,,,,,,,,
4700,1.1655325,4.605582,,,,,,,,,,,,,,
4800,1.4722935,4.5992117,,,,,,,,,,,,,,
4900,1.2428575,4.5534,,,,,,,,,,,,,,
5000,0.9298465,6.164464,,,,,,,,,,,,,,
5100,1.2660818,4.476872,,,,,,,,,,,,,,
5200,1.4388744,4.348442,,,,,,,,,,,,,,
5278,,,0.29558593,3.4656441,0.2721,3.597065,50000.0,0.2088,4.069016,10000.0,2629.6919548511505,2731.334310054779,2629.6919548511505,101.54883575439452,0.0275194644927978,0.0
5300,0.9809892,4.9632487,,,,,,,,,,,,,,
5400,1.1765906,4.3451204,,,,,,,,,,,,,,
5500,0.89919806,5.3969126,,,,,,,,,,,,,,
5600,0.81593645,5.9947567,,,,,,,,,,,,,,
5700,0.9469671,4.3318806,,,,,,,,,,,,,,
5800,1.2125574,4.247035,,,,,,,,,,,,,,
5900,1.1275618,4.1593423,,,,,,,,,,,,,,
6000,1.0221635,4.1835275,,,,,,,,,,,,,,
6100,0.92356956,5.881709,,,,,,,,,,,,,,
6200,1.035086,4.358287,,,,,,,,,,,,,,
6300,0.6848454,5.5731087,,,,,,,,,,,,,,
6400,0.92885727,4.178459,,,,,,,,,,,,,,
6500,1.0015305,4.5494857,,,,,,,,,,,,,,
6600,1.0561249,4.090007,,,,,,,,,,,,,,
6700,1.195256,4.004238,,,,,,,,,,,,,,
6800,1.0584602,3.9908786,,,,,,,,,,,,,,
6900,0.9938878,4.407205,,,,,,,,,,,,,,
7000,1.1228073,4.043774,,,,,,,,,,,,,,
7100,1.2304491,3.9969378,,,,,,,,,,,,,,
7200,0.88952696,5.3894124,,,,,,,,,,,,,,
7300,1.0892048,3.877842,,,,,,,,,,,,,,
7400,1.2836523,3.975196,,,,,,,,,,,,,,
7500,1.0842069,3.8427434,,,,,,,,,,,,,,
7600,0.98127276,5.985319,,,,,,,,,,,,,,
7700,1.4177302,3.7440767,,,,,,,,,,,,,,
7800,1.0492564,5.619832,,,,,,,,,,,,,,
7900,1.0540501,5.0420423,,,,,,,,,,,,,,
8000,1.0828226,3.625043,,,,,,,,,,,,,,
8100,1.4974517,3.8236594,,,,,,,,,,,,,,
8200,1.0972594,3.7085917,,,,,,,,,,,,,,
8300,1.1706073,3.6095746,,,,,,,,,,,,,,
8400,1.0105937,4.041191,,,,,,,,,,,,,,
8500,0.8866774,5.8447366,,,,,,,,,,,,,,
8600,1.1839366,3.8054476,,,,,,,,,,,,,,
8700,1.1787832,4.6413927,,,,,,,,,,,,,,
8800,1.3885003,3.7572756,,,,,,,,,,,,,,
8900,1.1949638,3.5228167,,,,,,,,,,,,,,
9000,1.5604041,3.6771557,,,,,,,,,,,,,,
9100,1.2412066,3.6490705,,,,,,,,,,,,,,
9200,0.9813149,5.987936,,,,,,,,,,,,,,
9300,1.2899815,4.063852,,,,,,,,,,,,,,
9400,0.9221653,4.802083,,,,,,,,,,,,,,
9500,1.513052,3.6312523,,,,,,,,,,,,,,
9600,0.9349855,4.623705,,,,,,,,,,,,,,
9700,0.90655905,5.6831384,,,,,,,,,,,,,,
9800,0.7984787,5.8430753,,,,,,,,,,,,,,
9900,1.0441806,5.759889,,,,,,,,,,,,,,
10000,1.2993276,3.5788684,,,,,,,,,,,,,,
10100,1.0140394,5.1580334,,,,,,,,,,,,,,
10200,1.9462551,3.494446,,,,,,,,,,,,,,
10300,1.2908291,4.1728306,,,,,,,,,,,,,,
10400,1.5277488,3.4975991,,,,,,,,,,,,,,
10500,1.2367501,3.4941807,,,,,,,,,,,,,,
10600,1.324128,3.46745,,,,,,,,,,,,,,
10700,1.0697526,5.7115645,,,,,,,,,,,,,,
10800,1.1978654,3.370617,,,,,,,,,,,,,,
10900,1.6072649,3.8421345,,,,,,,,,,,,,,
11000,1.7692575,3.3399124,,,,,,,,,,,,,,
11064,,,0.4775,2.3652697,0.43583998,2.5677953,50000.0,0.33800003,3.17033,10000.0,5200.587571382523,5330.60480928421,5200.587571382523,129.81006860733032,0.0730621814727783,0.0
11100,0.90940064,4.495394,,,,,,,,,,,,,,
11200,1.3380018,3.3788939,,,,,,,,,,,,,,
11300,1.4178818,3.3046749,,,,,,,,,,,,,,
11400,1.288863,3.3694415,,,,,,,,,,,,,,
11500,0.9985833,4.4982,,,,,,,,,,,,,,
11600,1.4340018,3.473946,,,,,,,,,,,,,,
11700,1.2384673,5.4085455,,,,,,,,,,,,,,
11800,1.3573978,3.4681478,,,,,,,,,,,,,,
11900,0.88652974,5.540416,,,,,,,,,,,,,,
12000,1.1406372,4.077119,,,,,,,,,,,,,,
12100,1.2201731,3.3238306,,,,,,,,,,,,,,
12200,1.908591,3.3457518,,,,,,,,,,,,,,
12300,1.2639302,3.2579243,,,,,,,,,,,,,,
12400,1.3475633,3.2834206,,,,,,,,,,,,,,
12500,1.4100642,3.2447114,,,,,,,,,,,,,,
12600,1.2285272,3.9929867,,,,,,,,,,,,,,
12700,1.3399819,3.7026932,,,,,,,,,,,,,,
12800,1.4981387,3.312422,,,,,,,,,,,,,,
12900,1.1634439,5.141735,,,,,,,,,,,,,,
13000,1.3789872,3.177085,,,,,,,,,,,,,,
13100,1.0408478,5.469912,,,,,,,,,,,,,,
13200,1.2792631,4.9029665,,,,,,,,,,,,,,
13300,1.8263935,3.100831,,,,,,,,,,,,,,
13400,1.59746,3.1526875,,,,,,,,,,,,,,
13500,1.2777051,4.8193836,,,,,,,,,,,,,,
13600,1.254169,5.579497,,,,,,,,,,,,,,
13700,1.5784401,3.167719,,,,,,,,,,,,,,
13800,1.3897452,3.160026,,,,,,,,,,,,,,
13900,1.28566,3.2593584,,,,,,,,,,,,,,
14000,1.1778182,4.1589456,,,,,,,,,,,,,,
14100,1.092917,5.7510633,,,,,,,,,,,,,,
14200,1.3039336,3.287849,,,,,,,,,,,,,,
14300,1.7951217,3.2490072,,,,,,,,,,,,,,
14400,1.6703188,3.7933168,,,,,,,,,,,,,,
14500,1.2480236,3.649809,,,,,,,,,,,,,,
14600,1.2623795,4.317232,,,,,,,,,,,,,,
14700,1.8167219,3.2460747,,,,,,,,,,,,,,
14800,1.3551453,3.2291627,,,,,,,,,,,,,,
14900,1.3924469,3.203598,,,,,,,,,,,,,,
15000,1.819069,3.0839033,,,,,,,,,,,,,,
15100,1.3646353,3.585633,,,,,,,,,,,,,,
15200,1.1774906,5.108127,,,,,,,,,,,,,,
15300,1.5402256,3.1105354,,,,,,,,,,,,,,
15400,1.6444565,3.0821931,,,,,,,,,,,,,,
15500,1.3519742,5.372784,,,,,,,,,,,,,,
15600,1.5115874,4.041654,,,,,,,,,,,,,,
15700,1.4889754,2.956507,,,,,,,,,,,,,,
15800,1.5461112,3.0386052,,,,,,,,,,,,,,
15900,1.6031284,3.0395026,,,,,,,,,,,,,,
16000,1.5920274,3.0698183,,,,,,,,,,,,,,
16100,1.6305557,3.0678635,,,,,,,,,,,,,,
16200,1.0604545,5.0828743,,,,,,,,,,,,,,
16300,1.5772789,3.1652987,,,,,,,,,,,,,,
16400,0.9953022,5.6028857,,,,,,,,,,,,,,
16500,1.6215682,2.8841496,,,,,,,,,,,,,,
16600,1.297367,3.7317858,,,,,,,,,,,,,,
16700,1.4952439,3.409802,,,,,,,,,,,,,,
16800,1.5310835,3.065859,,,,,,,,,,,,,,
16849,,,0.56634766,1.8867009,0.51962,2.1078074,50000.0,0.4072,2.7436914,10000.0,7771.651051044464,7927.503833532333,7771.651051044464,155.47844910621643,0.1698994636535644,0.0
16900,1.3867977,3.7864027,,,,,,,,,,,,,,
17000,1.5321746,3.045637,,,,,,,,,,,,,,
17100,1.5666552,3.8638146,,,,,,,,,,,,,,
17200,1.3920457,2.8807225,,,,,,,,,,,,,,
17300,1.2527311,3.4277368,,,,,,,,,,,,,,
17400,1.2331784,4.364435,,,,,,,,,,,,,,
17500,1.4318459,3.0619264,,,,,,,,,,,,,,
17600,1.5622712,3.0745668,,,,,,,,,,,,,,
17700,1.6619437,2.8518643,,,,,,,,,,,,,,
17800,1.0310274,5.1892323,,,,,,,,,,,,,,
17900,0.99309903,5.578432,,,,,,,,,,,,,,
18000,1.7702391,3.0062466,,,,,,,,,,,,,,
18100,1.2412986,5.1026,,,,,,,,,,,,,,
18200,1.1008698,5.261696,,,,,,,,,,,,,,
18300,1.4647939,3.1223004,,,,,,,,,,,,,,
18400,1.4943116,2.7189069,,,,,,,,,,,,,,
18500,1.4459145,3.9853625,,,,,,,,,,,,,,
18600,1.2882749,4.8891306,,,,,,,,,,,,,,
18700,1.5727862,3.671387,,,,,,,,,,,,,,
18800,1.3922219,3.5415235,,,,,,,,,,,,,,
18900,1.285863,4.1705256,,,,,,,,,,,,,,
19000,2.1710079,2.9183874,,,,,,,,,,,,,,
19100,1.3191645,5.1896334,,,,,,,,,,,,,,
19200,1.3081138,5.2066774,,,,,,,,,,,,,,
19300,1.0166496,5.435014,,,,,,,,,,,,,,
19400,1.3195453,4.753498,,,,,,,,,,,,,,
19500,1.7292504,2.734691,,,,,,,,,,,,,,
19600,1.3324282,4.045085,,,,,,,,,,,,,,
19700,1.1598349,5.4702654,,,,,,,,,,,,,,
19800,1.9834745,2.726355,,,,,,,,,,,,,,
19900,1.2694149,5.487202,,,,,,,,,,,,,,
20000,1.1664029,4.854549,,,,,,,,,,,,,,
20100,1.56573,2.662366,,,,,,,,,,,,,,
20200,1.8789886,2.9053676,,,,,,,,,,,,,,
20300,1.5916404,2.6742783,,,,,,,,,,,,,,
20400,1.8330498,2.7872632,,,,,,,,,,,,,,
20500,1.658908,2.814912,,,,,,,,,,,,,,
20600,1.5630763,4.055152,,,,,,,,,,,,,,
20700,1.5154618,2.7703333,,,,,,,,,,,,,,
20800,1.516726,2.5701046,,,,,,,,,,,,,,
20900,1.6320771,3.2940035,,,,,,,,,,,,,,
21000,1.3797076,3.3129325,,,,,,,,,,,,,,
21100,1.3587726,3.3221564,,,,,,,,,,,,,,
21200,1.6520965,2.6902192,,,,,,,,,,,,,,
21300,1.7676969,2.6247144,,,,,,,,,,,,,,
21400,1.7224479,3.2416341,,,,,,,,,,,,,,
21500,1.3847338,3.5838425,,,,,,,,,,,,,,
21600,1.4073182,4.1247854,,,,,,,,,,,,,,
21700,1.7345254,2.6553311,,,,,,,,,,,,,,
21800,1.5154362,3.2582865,,,,,,,,,,,,,,
21900,1.7988148,2.7039232,,,,,,,,,,,,,,
22000,1.7950492,2.7280235,,,,,,,,,,,,,,
22100,1.8654443,2.7410986,,,,,,,,,,,,,,
22200,1.6524847,2.9199479,,,,,,,,,,,,,,
22300,1.3954968,4.639864,,,,,,,,,,,,,,
22400,2.2985318,2.869271,,,,,,,,,,,,,,
22500,1.7557285,2.6918473,,,,,,,,,,,,,,
22600,1.5171919,2.7412295,,,,,,,,,,,,,,
22622,,,0.6285742,1.578111,0.576,1.8293276,50000.0,0.45270002,2.4798882,10000.0,10342.79538178444,10524.13621878624,10342.79538178444,180.82417058944705,0.2387213706970214,0.0
22700,1.700499,2.9181805,,,,,,,,,,,,,,
22800,1.6245317,2.5937295,,,,,,,,,,,,,,
22900,1.8388246,2.6003027,,,,,,,,,,,,,,
23000,1.6115266,3.8010502,,,,,,,,,,,,,,
23100,1.5870094,2.6514487,,,,,,,,,,,,,,
23200,1.3577807,3.8781044,,,,,,,,,,,,,,
23300,1.5160081,2.7802663,,,,,,,,,,,,,,
23400,1.692658,5.436523,,,,,,,,,,,,,,
23500,1.3419535,5.0599203,,,,,,,,,,,,,,
23600,1.6221641,3.9139857,,,,,,,,,,,,,,
23700,1.3877696,4.0578747,,,,,,,,,,,,,,
23800,1.7958072,2.5756526,,,,,,,,,,,,,,
23900,1.8331013,2.6072888,,,,,,,,,,,,,,
24000,1.3402312,4.5992618,,,,,,,,,,,,,,
24100,1.6814766,2.4954307,,,,,,,,,,,,,,
24200,1.242329,4.751397,,,,,,,,,,,,,,
24300,1.7633313,2.576569,,,,,,,,,,,,,,
24400,1.3997363,4.9380245,,,,,,,,,,,,,,
24500,1.9155996,2.8644805,,,,,,,,,,,,,,
24600,1.7514919,2.6900883,,,,,,,,,,,,,,
24700,1.6753953,2.592731,,,,,,,,,,,,,,
24800,1.576114,2.539373,,,,,,,,,,,,,,
24900,1.9389038,2.6389732,,,,,,,,,,,,,,
25000,1.8801767,2.8363578,,,,,,,,,,,,,,
25100,1.261342,4.7859583,,,,,,,,,,,,,,
25200,1.525771,3.6929207,,,,,,,,,,,,,,
25300,1.5951328,4.8885164,,,,,,,,,,,,,,
25400,1.9560673,2.5368536,,,,,,,,,,,,,,
25500,1.4422859,3.7487764,,,,,,,,,,,,,,
25600,1.4035218,3.623829,,,,,,,,,,,,,,
25700,1.6686664,3.460217,,,,,,,,,,,,,,
25800,1.887582,2.579604,,,,,,,,,,,,,,
25900,1.5962751,5.4155583,,,,,,,,,,,,,,
26000,1.8808281,2.6472747,,,,,,,,,,,,,,
26100,1.505657,3.7465143,,,,,,,,,,,,,,
26200,1.8318903,2.5840693,,,,,,,,,,,,,,
26300,1.5048981,3.3245938,,,,,,,,,,,,,,
26400,1.9801996,2.6389792,,,,,,,,,,,,,,
26500,1.7499521,2.7251675,,,,,,,,,,,,,,
26600,1.7287667,2.6858497,,,,,,,,,,,,,,
26700,1.5634251,2.8663466,,,,,,,,,,,,,,
26800,2.0102348,2.5715313,,,,,,,,,,,,,,
26900,1.5613939,5.260565,,,,,,,,,,,,,,
27000,1.7122293,2.467793,,,,,,,,,,,,,,
27100,1.8542653,2.4777105,,,,,,,,,,,,,,
27200,1.8263137,2.4986818,,,,,,,,,,,,,,
27300,1.8632144,2.7725062,,,,,,,,,,,,,,
27400,1.8579571,2.2682195,,,,,,,,,,,,,,
27500,1.4957843,4.0702195,,,,,,,,,,,,,,
27600,1.5066059,3.6421564,,,,,,,,,,,,,,
27700,1.9707818,2.535942,,,,,,,,,,,,,,
27800,1.7557946,2.5965009,,,,,,,,,,,,,,
27900,1.2659384,5.078904,,,,,,,,,,,,,,
28000,1.8027322,2.8173196,,,,,,,,,,,,,,
28100,1.3750083,4.5410557,,,,,,,,,,,,,,
28200,1.6190376,2.4118223,,,,,,,,,,,,,,
28300,1.8392947,2.5463471,,,,,,,,,,,,,,
28394,,,0.67466795,1.3593568,0.61575997,1.6321975,50000.0,0.49080002,2.282318,10000.0,12913.67980480194,13120.23071193695,12913.67980480194,205.85930347442627,0.3163392543792724,0.0
28400,1.6687756,3.3385212,,,,,,,,,,,,,,
28500,1.7363255,2.6139479,,,,,,,,,,,,,,
28600,1.5325211,3.3391013,,,,,,,,,,,,,,
28700,1.739458,2.6529498,,,,,,,,,,,,,,
28800,1.923641,2.7053192,,,,,,,,,,,,,,
28900,1.4120386,5.218369,,,,,,,,,,,,,,
29000,1.7141436,2.94361,,,,,,,,,,,,,,
29100,2.0425887,2.5392444,,,,,,,,,,,,,,
29200,2.171909,2.542763,,,,,,,,,,,,,,
29300,1.8454475,2.538986,,,,,,,,,,,,,,
29400,1.8089856,2.3335366,,,,,,,,,,,,,,
29500,1.913664,3.3228729,,,,,,,,,,,,,,
29600,1.5448682,4.501268,,,,,,,,,,,,,,
29700,2.1258988,2.3702953,,,,,,,,,,,,,,
29800,2.088413,2.5279977,,,,,,,,,,,,,,
29900,1.7048864,2.8569515,,,,,,,,,,,,,,
30000,1.58224,4.7477436,,,,,,,,,,,,,,
30100,1.5687755,4.8165216,,,,,,,,,,,,,,
30200,1.8477855,2.463153,,,,,,,,,,,,,,
30300,1.9920194,2.3668122,,,,,,,,,,,,,,
30400,1.4904721,4.2016683,,,,,,,,,,,,,,
30500,1.9807278,2.4629092,,,,,,,,,,,,,,
30600,1.9753895,2.409073,,,,,,,,,,,,,,
30700,1.6112685,3.031025,,,,,,,,,,,,,,
30800,1.8865316,2.4190354,,,,,,,,,,,,,,
30900,1.7453337,4.54249,,,,,,,,,,,,,,
31000,1.9509097,2.3839028,,,,,,,,,,,,,,
31100,1.9778464,3.6719215,,,,,,,,,,,,,,
31200,1.9367815,2.2914252,,,,,,,,,,,,,,
31300,1.9528639,2.4775472,,,,,,,,,,,,,,
31400,2.1137824,2.58435,,,,,,,,,,,,,,
31500,1.8945634,2.427273,,,,,,,,,,,,,,
31600,1.6007335,4.007227,,,,,,,,,,,,,,
31700,1.8914478,2.3446403,,,,,,,,,,,,,,
31800,1.744477,2.921862,,,,,,,,,,,,,,
31900,1.549258,4.0675554,,,,,,,,,,,,,,
32000,1.758119,2.3477585,,,,,,,,,,,,,,
32100,1.7065902,3.5671554,,,,,,,,,,,,,,
32200,2.243919,2.5268378,,,,,,,,,,,,,,
32300,2.1666677,2.3474333,,,,,,,,,,,,,,
32400,1.5797689,2.9326158,,,,,,,,,,,,,,
32500,1.6232394,4.7384973,,,,,,,,,,,,,,
32600,2.204734,2.2935853,,,,,,,,,,,,,,
32700,1.8011284,3.3855062,,,,,,,,,,,,,,
32800,1.8853819,2.882268,,,,,,,,,,,,,,
32900,1.4839829,4.638812,,,,,,,,,,,,,,
33000,1.6644421,3.3697474,,,,,,,,,,,,,,
33100,1.8013154,2.7959251,,,,,,,,,,,,,,
33200,1.582301,5.1061,,,,,,,,,,,,,,
33300,1.5712223,3.4825826,,,,,,,,,,,,,,
33400,1.884769,2.4242682,,,,,,,,,,,,,,
33500,1.8480675,4.2498226,,,,,,,,,,,,,,
33600,2.001328,2.372529,,,,,,,,,,,,,,
33700,2.0582714,2.3640113,,,,,,,,,,,,,,
33800,1.9765084,2.282507,,,,,,,,,,,,,,
33900,1.7379954,3.6113768,,,,,,,,,,,,,,
34000,1.6904306,2.7362804,,,,,,,,,,,,,,
34100,1.4740168,4.745651,,,,,,,,,,,,,,
34169,,,0.7100781,1.1940439,0.6426,1.4919049,50000.0,0.51430005,2.1472075,10000.0,15484.96060705185,15716.174114704132,15484.96060705185,230.3642609119416,0.3768596649169922,0.0
34200,1.8614795,2.6763926,,,,,,,,,,,,,,
34300,1.8398434,2.1272373,,,,,,,,,,,,,,
34400,2.1237326,2.2996807,,,,,,,,,,,,,,
34500,1.6031244,2.821503,,,,,,,,,,,,,,
34600,2.0208712,2.3340957,,,,,,,,,,,,,,
34700,2.0104492,3.2468333,,,,,,,,,,,,,,
34800,1.8302695,4.1200504,,,,,,,,,,,,,,
34900,2.0220087,2.642271,,,,,,,,,,,,,,
35000,1.5618172,4.72785,,,,,,,,,,,,,,
35100,1.6948745,3.5367036,,,,,,,,,,,,,,
35200,1.7869247,3.5424895,,,,,,,,,,,,,,
35300,2.2001681,2.1667187,,,,,,,,,,,,,,
35400,2.3301163,2.3753548,,,,,,,,,,,,,,
35500,1.6136026,3.9816318,,,,,,,,,,,,,,
35600,2.106718,2.2150183,,,,,,,,,,,,,,
35700,1.7983168,2.2466812,,,,,,,,,,,,,,
35800,1.9296968,2.6132693,,,,,,,,,,,,,,
35900,2.2373426,2.137151,,,,,,,,,,,,,,
36000,2.004613,2.2082074,,,,,,,,,,,,,,
36100,1.6568853,3.4669554,,,,,,,,,,,,,,
36200,1.6789253,3.581534,,,,,,,,,,,,,,
36300,1.9409925,2.1566153,,,,,,,,,,,,,,
36400,1.5818062,3.0781164,,,,,,,,,,,,,,
36500,1.7468009,4.2063036,,,,,,,,,,,,,,
36600,2.1517985,2.2954047,,,,,,,,,,,,,,
36700,2.1265914,2.2451277,,,,,,,,,,,,,,
36800,1.488241,4.294297,,,,,,,,,,,,,,
36900,2.0637462,2.465096,,,,,,,,,,,,,,
37000,2.1061995,2.3249743,,,,,,,,,,,,,,
37100,2.1160128,2.371591,,,,,,,,,,,,,,
37200,1.9075273,2.1902025,,,,,,,,,,,,,,
37300,1.9403151,2.5160933,,,,,,,,,,,,,,
37400,1.7639849,3.9539108,,,,,,,,,,,,,,
37500,1.6731509,2.9884799,,,,,,,,,,,,,,
37600,1.6414495,4.8940916,,,,,,,,,,,,,,
37700,1.7164621,2.9959335,,,,,,,,,,,,,,
37800,2.3191001,2.3149114,,,,,,,,,,,,,,
37900,1.7645025,2.8539457,,,,,,,,,,,,,,
38000,1.955285,2.2233033,,,,,,,,,,,,,,
38100,1.7838497,4.2312183,,,,,,,,,,,,,,
38200,1.8474324,2.8452973,,,,,,,,,,,,,,
38300,2.1057017,2.2237334,,,,,,,,,,,,,,
38400,1.8080206,2.3231287,,,,,,,,,,,,,,
38500,1.7321872,2.9585166,,,,,,,,,,,,,,
38600,1.8878555,2.230142,,,,,,,,,,,,,,
38700,2.2057753,2.313441,,,,,,,,,,,,,,
38800,2.0996,2.3091178,,,,,,,,,,,,,,
38900,1.8788304,2.4389215,,,,,,,,,,,,,,
39000,2.183222,2.1994832,,,,,,,,,,,,,,
39100,1.7415327,2.6164486,,,,,,,,,,,,,,
39200,2.0711536,2.116775,,,,,,,,,,,,,,
39300,2.244983,2.2110305,,,,,,,,,,,,,,
39400,1.8341898,4.5724583,,,,,,,,,,,,,,
39500,1.7860698,4.844779,,,,,,,,,,,,,,
39600,1.9776291,2.5442128,,,,,,,,,,,,,,
39700,1.7159483,4.774855,,,,,,,,,,,,,,
39800,1.9445304,2.1861491,,,,,,,,,,,,,,
39900,2.023328,2.2615724,,,,,,,,,,,,,,
39931,,,0.7352734,1.0760977,0.66472,1.3835825,50000.0,0.53650004,2.0393963,10000.0,18056.07247567177,18311.70671248436,18056.07247567177,254.66640973091123,0.4271225929260254,0.0
40000,2.0716891,2.104708,,,,,,,,,,,,,,
40100,1.5794723,3.5386744,,,,,,,,,,,,,,
40200,2.0318434,2.5310924,,,,,,,,,,,,,,
40300,1.7979732,2.8399441,,,,,,,,,,,,,,
40400,1.8913985,2.389294,,,,,,,,,,,,,,
40500,1.9572988,2.4222178,,,,,,,,,,,,,,
40600,1.9975076,2.197451,,,,,,,,,,,,,,
40700,2.2882457,2.2268312,,,,,,,,,,,,,,
40800,1.9137889,2.5578644,,,,,,,,,,,,,,
40900,2.3415182,2.2290173,,,,,,,,,,,,,,
41000,2.1260629,2.1647325,,,,,,,,,,,,,,
41100,1.9364938,2.1596396,,,,,,,,,,,,,,
41200,1.7424212,3.8657494,,,,,,,,,,,,,,
41300,2.0605419,2.1623979,,,,,,,,,,,,,,
41400,1.7836683,4.6509733,,,,,,,,,,,,,,
41500,1.6766872,3.8919525,,,,,,,,,,,,,,
41600,2.110066,2.4353657,,,,,,,,,,,,,,
41700,1.7036146,3.5256531,,,,,,,,,,,,,,
41800,1.9087883,2.0515232,,,,,,,,,,,,,,
41900,1.8021644,3.7148201,,,,,,,,,,,,,,
42000,1.9060568,2.1023495,,,,,,,,,,,,,,
42100,2.1569448,2.096242,,,,,,,,,,,,,,
42200,2.3347228,2.2219882,,,,,,,,,,,,,,
42300,1.5809389,4.342774,,,,,,,,,,,,,,
42400,2.0735211,2.1999054,,,,,,,,,,,,,,
42500,1.864205,2.1365132,,,,,,,,,,,,,,
42600,2.0659866,4.243332,,,,,,,,,,,,,,
42700,1.8174144,4.1359224,,,,,,,,,,,,,,
42800,2.0352345,2.1185012,,,,,,,,,,,,,,
42900,2.1459272,2.042226,,,,,,,,,,,,,,
43000,1.9167839,2.829422,,,,,,,,,,,,,,
43100,2.0218263,2.1319048,,,,,,,,,,,,,,
43200,1.9638371,2.2248597,,,,,,,,,,,,,,
43300,2.2398589,2.1584182,,,,,,,,,,,,,,
43400,1.908698,3.0115957,,,,,,,,,,,,,,
43500,1.6509806,3.463332,,,,,,,,,,,,,,
43600,2.2758324,2.1279602,,,,,,,,,,,,,,
43700,1.8999699,3.8624902,,,,,,,,,,,,,,
43800,2.0187242,1.9716685,,,,,,,,,,,,,,
43900,1.7602022,4.3668985,,,,,,,,,,,,,,
44000,1.9365476,2.1511087,,,,,,,,,,,,,,
44100,1.9525573,2.1203449,,,,,,,,,,,,,,
44200,2.314338,2.096192,,,,,,,,,,,,,,
44300,1.9671564,2.0610583,,,,,,,,,,,,,,
44400,2.1574194,4.8099885,,,,,,,,,,,,,,
44500,1.9592625,2.2127693,,,,,,,,,,,,,,
44600,1.873622,3.3279371,,,,,,,,,,,,,,
44700,2.2412019,2.0805964,,,,,,,,,,,,,,
44800,1.8392662,4.5608206,,,,,,,,,,,,,,
44900,1.9218909,2.7942998,,,,,,,,,,,,,,
45000,2.5290272,2.083435,,,,,,,,,,,,,,
45100,1.8634672,2.0297256,,,,,,,,,,,,,,
45200,2.3193018,2.1669767,,,,,,,,,,,,,,
45300,1.7524182,2.5649734,,,,,,,,,,,,,,
45400,1.7908773,2.5105948,,,,,,,,,,,,,,
45500,1.8919517,3.8458967,,,,,,,,,,,,,,
45600,1.8422045,2.1051755,,,,,,,,,,,,,,
45680,,,0.7517578,0.99201286,0.68119997,1.3004936,50000.0,0.5611,1.9484743,10000.0,20626.972266197205,20906.654580831528,20626.972266197205,278.564749956131,0.4964721202850342,0.0
45700,2.0740917,2.087164,,,,,,,,,,,,,,
45800,1.7125454,4.112813,,,,,,,,,,,,,,
45900,1.9407543,2.1040697,,,,,,,,,,,,,,
46000,1.7936709,4.7381887,,,,,,,,,,,,,,
46100,1.9589221,2.1572561,,,,,,,,,,,,,,
46200,2.1930666,2.1218402,,,,,,,,,,,,,,
46300,1.9301124,3.6946623,,,,,,,,,,,,,,
46400,1.9682138,2.0652075,,,,,,,,,,,,,,
46500,2.1707869,2.123088,,,,,,,,,,,,,,
46600,1.8549922,2.3805127,,,,,,,,,,,,,,
46700,1.7720076,3.4391017,,,,,,,,,,,,,,
46800,1.7586278,4.518454,,,,,,,,,,,,,,
46900,1.7396982,2.920504,,,,,,,,,,,,,,
47000,1.8559558,4.690524,,,,,,,,,,,,,,
47100,2.0177512,2.455524,,,,,,,,,,,,,,
47200,2.0637205,2.1187978,,,,,,,,,,,,,,
47300,2.0097415,2.0844316,,,,,,,,,,,,,,
47400,1.6744434,3.1365695,,,,,,,,,,,,,,
47500,1.9568356,4.712432,,,,,,,,,,,,,,
47600,1.7164563,4.606768,,,,,,,,,,,,,,
47700,2.1500175,2.0772061,,,,,,,,,,,,,,
47800,1.9000013,4.766741,,,,,,,,,,,,,,
47900,1.9243035,2.8142114,,,,,,,,,,,,,,
48000,2.1755874,2.0837555,,,,,,,,,,,,,,
48100,2.0017564,1.9681644,,,,,,,,,,,,,,
48200,2.041771,1.9544526,,,,,,,,,,,,,,
48300,1.8772581,2.1676273,,,,,,,,,,,,,,
48400,1.9347211,3.6333194,,,,,,,,,,,,,,
48500,2.3616889,1.9402107,,,,,,,,,,,,,,
48600,2.115782,2.0920148,,,,,,,,,,,,,,
48700,2.0759559,1.9424751,,,,,,,,,,,,,,
48800,1.9238657,2.0869722,,,,,,,,,,,,,,
48900,1.875606,2.7622156,,,,,,,,,,,,,,
49000,2.257878,2.1519074,,,,,,,,,,,,,,
49100,2.1537414,2.1179643,,,,,,,,,,,,,,
49200,2.3173015,2.0965846,,,,,,,,,,,,,,
49300,2.1611276,2.1920865,,,,,,,,,,,,,,
49400,2.1731007,2.1087897,,,,,,,,,,,,,,
49500,2.1523302,2.0487432,,,,,,,,,,,,,,
49600,2.2564745,2.3331146,,,,,,,,,,,,,,
49700,2.0220551,2.0094292,,,,,,,,,,,,,,
49800,1.9577234,2.1464128,,,,,,,,,,,,,,
49900,2.0809221,2.6855614,,,,,,,,,,,,,,
50000,2.021979,2.1715078,,,,,,,,,,,,,,
50100,1.8637669,3.0631146,,,,,,,,,,,,,,
50200,2.0495934,2.1062212,,,,,,,,,,,,,,
50300,2.1709647,2.0219498,,,,,,,,,,,,,,
50400,2.0539489,1.9307978,,,,,,,,,,,,,,
50500,2.1476233,2.0311909,,,,,,,,,,,,,,
50600,2.0210903,2.0964472,,,,,,,,,,,,,,
50700,2.0058007,1.8932476,,,,,,,,,,,,,,
50800,2.243072,2.256096,,,,,,,,,,,,,,
50900,1.8535459,3.694145,,,,,,,,,,,,,,
51000,1.9703518,2.6387908,,,,,,,,,,,,,,
51100,2.4919853,2.2029428,,,,,,,,,,,,,,
51200,2.1170144,1.9958758,,,,,,,,,,,,,,
51300,2.2951121,1.9183187,,,,,,,,,,,,,,
51400,2.802892,1.9759362,,,,,,,,,,,,,,
51435,,,0.7687695,0.91842383,0.69754,1.234185,50000.0,0.5722,1.879995,10000.0,23198.224286556244,23501.54584884644,23198.224286556244,302.0796720981598,0.5540564060211182,0.0
51500,2.0399525,1.9738169,,,,,,,,,,,,,,
51600,1.7178044,3.1839054,,,,,,,,,,,,,,
51700,2.0261383,2.0723326,,,,,,,,,,,,,,
51800,2.2388537,2.0072803,,,,,,,,,,,,,,
51900,2.208908,1.9292033,,,,,,,,,,,,,,
52000,1.8609619,3.328018,,,,,,,,,,,,,,
52100,2.128255,1.9257679,,,,,,,,,,,,,,
52200,1.8484846,2.9004216,,,,,,,,,,,,,,
52300,1.9694132,4.579487,,,,,,,,,,,,,,
52400,1.9888382,2.1035073,,,,,,,,,,,,,,
52500,1.9821212,1.9129989,,,,,,,,,,,,,,
52600,1.8175311,3.606627,,,,,,,,,,,,,,
52700,1.8226092,4.5865297,,,,,,,,,,,,,,
52800,1.6962864,2.9003553,,,,,,,,,,,,,,
52900,2.022148,2.3159182,,,,,,,,,,,,,,
53000,2.228461,1.96298,,,,,,,,,,,,,,
53100,2.010054,2.609541,,,,,,,,,,,,,,
53200,1.9863836,2.3959064,,,,,,,,,,,,,,
53300,2.3218098,1.9504898,,,,,,,,,,,,,,
53400,1.7572496,2.9040642,,,,,,,,,,,,,,
53500,1.8832246,2.9979,,,,,,,,,,,,,,
53600,1.9394572,1.9632709,,,,,,,,,,,,,,
53700,2.1689143,1.9412009,,,,,,,,,,,,,,
53800,2.0087378,1.8437779,,,,,,,,,,,,,,
53900,2.1991644,2.0130851,,,,,,,,,,,,,,
54000,1.8294557,3.412806,,,,,,,,,,,,,,
54100,2.1197493,2.085608,,,,,,,,,,,,,,
54200,2.195966,1.9242573,,,,,,,,,,,,,,
54300,2.1449602,1.8853455,,,,,,,,,,,,,,
54400,1.9004385,4.598734,,,,,,,,,,,,,,
54500,1.882541,3.9068434,,,,,,,,,,,,,,
54600,1.9901422,3.8409252,,,,,,,,,,,,,,
54700,1.7413207,4.329647,,,,,,,,,,,,,,
54800,2.075164,2.1636672,,,,,,,,,,,,,,
54900,1.8690076,4.5377417,,,,,,,,,,,,,,
55000,2.2458982,1.8819803,,,,,,,,,,,,,,
55100,1.7590665,3.3700142,,,,,,,,,,,,,,
55200,2.151814,1.875847,,,,,,,,,,,,,,
55300,1.9117286,4.0007095,,,,,,,,,,,,,,
55400,1.811682,2.2494392,,,,,,,,,,,,,,
55500,2.0507307,2.207109,,,,,,,,,,,,,,
55600,2.3010528,2.0357635,,,,,,,,,,,,,,
55700,2.19939,2.0122147,,,,,,,,,,,,,,
55800,2.147398,2.0583055,,,,,,,,,,,,,,
55900,1.9845774,3.816277,,,,,,,,,,,,,,
56000,2.1497042,3.4678838,,,,,,,,,,,,,,
56100,2.035673,3.6042023,,,,,,,,,,,,,,
56200,1.9477613,3.1674707,,,,,,,,,,,,,,
56300,2.2014692,1.9204574,,,,,,,,,,,,,,
56400,2.7913768,2.1948352,,,,,,,,,,,,,,
56500,1.7975042,3.799458,,,,,,,,,,,,,,
56600,1.8389152,4.5766954,,,,,,,,,,,,,,
56700,1.9974462,1.9504628,,,,,,,,,,,,,,
56800,1.9886178,4.599503,,,,,,,,,,,,,,
56900,1.9981059,2.7601087,,,,,,,,,,,,,,
57000,2.0548768,2.0203161,,,,,,,,,,,,,,
57100,2.4102278,2.0673733,,,,,,,,,,,,,,
57182,,,0.78589845,0.8431234,0.70756,1.179512,50000.0,0.5813,1.8231173,10000.0,25769.43288564682,26098.84775590897,25769.43288564682,328.05212664604187,0.613114595413208,0.0
57200,2.4038515,2.0024405,,,,,,,,,,,,,,
57300,2.0985959,1.8624231,,,,,,,,,,,,,,
57400,2.1359613,1.9016273,,,,,,,,,,,,,,
57500,2.1322122,1.8816857,,,,,,,,,,,,,,
57600,2.1107028,2.1148362,,,,,,,,,,,,,,
57700,2.2823915,1.8922609,,,,,,,,,,,,,,
57800,2.2632551,1.8862529,,,,,,,,,,,,,,
57900,1.8739419,4.5263057,,,,,,,,,,,,,,
58000,1.9747612,2.7896895,,,,,,,,,,,,,,
58100,1.8343732,4.5155487,,,,,,,,,,,,,,
58200,2.0143423,2.1137252,,,,,,,,,,,,,,
58300,2.117955,2.2195723,,,,,,,,,,,,,,
58400,1.9814891,3.5690546,,,,,,,,,,,,,,
58500,2.1431687,2.0111287,,,,,,,,,,,,,,
58600,2.1366272,1.9513667,,,,,,,,,,,,,,
58700,2.3040257,2.1488223,,,,,,,,,,,,,,
58800,1.9922394,1.8528296,,,,,,,,,,,,,,
58900,2.05554,1.9709476,,,,,,,,,,,,,,
59000,1.9722582,1.8437093,,,,,,,,,,,,,,
59100,2.0044436,4.4511447,,,,,,,,,,,,,,
59200,2.3753123,1.969635,,,,,,,,,,,,,,
59300,1.8067209,2.6268225,,,,,,,,,,,,,,
59400,2.0292041,4.023831,,,,,,,,,,,,,,
59500,2.173637,1.8642077,,,,,,,,,,,,,,
59600,2.201984,1.9785918,,,,,,,,,,,,,,
59700,2.1680562,1.8569175,,,,,,,,,,,,,,
59800,2.0647116,2.0324638,,,,,,,,,,,,,,
59900,2.1560822,4.381171,,,,,,,,,,,,,,
60000,1.8610587,3.5290055,,,,,,,,,,,,,,
60100,1.899394,3.4189024,,,,,,,,,,,,,,
60200,2.1792552,1.8447062,,,,,,,,,,,,,,
60300,2.2412987,1.963522,,,,,,,,,,,,,,
60400,2.059144,1.853808,,,,,,,,,,,,,,
60500,2.4040897,1.8462825,,,,,,,,,,,,,,
60600,2.3912222,2.0028982,,,,,,,,,,,,,,
60700,2.1738389,1.7962399,,,,,,,,,,,,,,
60800,2.0727162,1.9525868,,,,,,,,,,,,,,
60900,2.051187,1.7895627,,,,,,,,,,,,,,
61000,2.3018153,1.9752765,,,,,,,,,,,,,,
61100,2.096088,1.9056964,,,,,,,,,,,,,,
61200,2.0504003,1.8583484,,,,,,,,,,,,,,
61300,2.1330776,2.2817822,,,,,,,,,,,,,,
61400,2.0572991,3.7309659,,,,,,,,,,,,,,
61500,2.1988707,4.3017197,,,,,,,,,,,,,,
61600,2.0546913,2.0056028,,,,,,,,,,,,,,
61700,2.1944675,1.8506498,,,,,,,,,,,,,,
61800,2.4945412,1.9937105,,,,,,,,,,,,,,
61900,1.9538727,2.2343037,,,,,,,,,,,,,,
62000,2.0475633,1.9049749,,,,,,,,,,,,,,
62100,2.0876358,1.801014,,,,,,,,,,,,,,
62200,2.1069667,3.698028,,,,,,,,,,,,,,
62300,2.15463,4.370716,,,,,,,,,,,,,,
62400,1.9391855,4.3255324,,,,,,,,,,,,,,
62500,2.2761943,2.0232663,,,,,,,,,,,,,,
62600,2.2696178,1.9504081,,,,,,,,,,,,,,
62700,1.9901778,2.6171784,,,,,,,,,,,,,,
62800,1.9651884,2.3029253,,,,,,,,,,,,,,
62900,1.997263,2.0481029,,,,,,,,,,,,,,
62916,,,0.79865235,0.7961291,0.71625996,1.1356837,50000.0,0.58720005,1.7774593,10000.0,28340.38636064529,28700.96761345864,28340.38636064529,359.010999917984,0.7519187927246094,0.0
63000,2.2838836,2.2241583,,,,,,,,,,,,,,
63100,1.8592899,2.8758073,,,,,,,,,,,,,,
63200,2.0445204,1.9313722,,,,,,,,,,,,,,
63300,2.191589,2.0584583,,,,,,,,,,,,,,
63400,2.2804978,4.4913683,,,,,,,,,,,,,,
63500,2.2025585,1.8288345,,,,,,,,,,,,,,
63600,2.389466,2.0114884,,,,,,,,,,,,,,
63700,2.4538603,1.9001405,,,,,,,,,,,,,,
63800,2.0019891,2.46776,,,,,,,,,,,,,,
63900,2.1957598,1.9210523,,,,,,,,,,,,,,
64000,2.2286708,1.8585744,,,,,,,,,,,,,,
64100,1.9398954,2.7831845,,,,,,,,,,,,,,
64200,2.2654934,4.4685736,,,,,,,,,,,,,,
64300,2.0897074,2.8331752,,,,,,,,,,,,,,
64400,2.1488206,1.9853648,,,,,,,,,,,,,,
64500,2.0203428,4.3968067,,,,,,,,,,,,,,
64600,2.1179948,1.8564138,,,,,,,,,,,,,,
64700,2.059567,2.233584,,,,,,,,,,,,,,
64800,2.336617,1.8130611,,,,,,,,,,,,,,
64900,1.8286128,2.6605616,,,,,,,,,,,,,,
65000,2.0818746,1.837754,,,,,,,,,,,,,,
65100,2.6088803,2.0437412,,,,,,,,,,,,,,
65200,2.104805,2.0361643,,,,,,,,,,,,,,
65300,2.1992345,4.460219,,,,,,,,,,,,,,
65400,2.1205025,2.0177398,,,,,,,,,,,,,,
65500,2.3944788,1.9366019,,,,,,,,,,,,,,
65600,2.1634429,1.8447511,,,,,,,,,,,,,,
65700,2.2928114,3.0306768,,,,,,,,,,,,,,
65800,2.1256475,1.8508532,,,,,,,,,,,,,,
65900,2.108225,2.0078666,,,,,,,,,,,,,,
66000,2.7296362,2.136014,,,,,,,,,,,,,,
66100,2.1969013,2.0938103,,,,,,,,,,,,,,
66200,2.1607044,1.7380967,,,,,,,,,,,,,,
66300,2.165651,1.8659544,,,,,,,,,,,,,,
66400,2.1160085,2.0913749,,,,,,,,,,,,,,
66500,2.1346018,1.8863052,,,,,,,,,,,,,,
66600,2.2234123,1.9994423,,,,,,,,,,,,,,
66700,2.3301444,1.885288,,,,,,,,,,,,,,
66800,2.0126593,4.360813,,,,,,,,,,,,,,
66900,1.9582045,2.5804577,,,,,,,,,,,,,,
67000,2.1444533,1.7567292,,,,,,,,,,,,,,
67100,2.0001228,3.9722767,,,,,,,,,,,,,,
67200,2.3227954,1.7673631,,,,,,,,,,,,,,
67300,1.979912,2.4099085,,,,,,,,,,,,,,
67400,2.1129391,3.9434643,,,,,,,,,,,,,,
67500,2.154574,2.0229092,,,,,,,,,,,,,,
67600,2.2808664,1.9888188,,,,,,,,,,,,,,
67700,2.227962,2.7920105,,,,,,,,,,,,,,
67800,2.3016973,1.8382483,,,,,,,,,,,,,,
67900,2.2558596,1.8808962,,,,,,,,,,,,,,
68000,1.9617369,3.373434,,,,,,,,,,,,,,
68100,2.4310665,1.9921246,,,,,,,,,,,,,,
68200,2.1156158,2.2528558,,,,,,,,,,,,,,
68300,2.0135255,3.9227057,,,,,,,,,,,,,,
68400,1.9149472,2.3047187,,,,,,,,,,,,,,
68500,2.4026675,1.9913485,,,,,,,,,,,,,,
68600,2.163757,1.8890135,,,,,,,,,,,,,,
68651,,,0.8064453,0.7557613,0.72631997,1.0986222,50000.0,0.5977,1.7373673,10000.0,30911.32143521309,31302.858303308487,30911.32143521309,389.84507989883423,0.7954425811767578,0.0
68700,2.1579125,1.7878695,,,,,,,,,,,,,,
68800,1.8609406,2.6533866,,,,,,,,,,,,,,
68900,2.013162,1.9398186,,,,,,,,,,,,,,
69000,2.3708303,2.2526302,,,,,,,,,,,,,,
69100,2.0782804,2.1448154,,,,,,,,,,,,,,
69200,2.0914874,3.4416056,,,,,,,,,,,,,,
69300,2.0561495,2.7459981,,,,,,,,,,,,,,
69400,2.0985677,4.3533807,,,,,,,,,,,,,,
69500,2.321003,1.9623222,,,,,,,,,,,,,,
69600,2.123199,4.4717426,,,,,,,,,,,,,,
69700,2.3060482,1.9925027,,,,,,,,,,,,,,
69800,2.1546206,2.204641,,,,,,,,,,,,,,
69900,1.955538,4.07341,,,,,,,,,,,,,,
70000,2.1826763,1.9106424,,,,,,,,,,,,,,
70100,2.1640918,3.2840447,,,,,,,,,,,,,,
70200,2.2265768,1.7872252,,,,,,,,,,,,,,
70300,1.9371841,3.1266384,,,,,,,,,,,,,,
70400,2.3958604,1.8381596,,,,,,,,,,,,,,
70500,2.3007827,1.8023376,,,,,,,,,,,,,,
70600,2.5621128,4.34627,,,,,,,,,,,,,,
70700,2.0633578,3.153263,,,,,,,,,,,,,,
70800,2.2812538,1.9362817,,,,,,,,,,,,,,
70900,1.9671004,3.019682,,,,,,,,,,,,,,
71000,2.0817041,1.9093723,,,,,,,,,,,,,,
71100,2.151158,3.5435119,,,,,,,,,,,,,,
71200,1.9621146,2.875339,,,,,,,,,,,,,,
71300,1.9755505,3.8433414,,,,,,,,,,,,,,
71400,2.1588855,3.5657191,,,,,,,,,,,,,,
71500,2.164373,1.8263465,,,,,,,,,,,,,,
71600,1.9312724,2.9168067,,,,,,,,,,,,,,
71700,2.195258,4.3734922,,,,,,,,,,,,,,
71800,2.0481322,1.7147868,,,,,,,,,,,,,,
71900,2.3086817,1.8798023,,,,,,,,,,,,,,
72000,1.9308164,2.7970657,,,,,,,,,,,,,,
72100,2.033191,1.7949905,,,,,,,,,,,,,,
72200,2.0501947,2.492083,,,,,,,,,,,,,,
72300,2.2019958,1.7614449,,,,,,,,,,,,,,
72400,2.3384008,4.243434,,,,,,,,,,,,,,
72500,2.2377126,2.4794726,,,,,,,,,,,,,,
72600,2.2340982,1.7143469,,,,,,,,,,,,,,
72700,2.2519243,2.0124846,,,,,,,,,,,,,,
72800,2.2556462,1.7949336,,,,,,,,,,,,,,
72900,2.2329657,1.8399588,,,,,,,,,,,,,,
73000,1.9958327,1.8269601,,,,,,,,,,,,,,
73100,2.2472498,1.8882222,,,,,,,,,,,,,,
73200,2.5003853,4.4061646,,,,,,,,,,,,,,
73300,2.0221014,3.6898322,,,,,,,,,,,,,,
73400,2.1948225,1.8149803,,,,,,,,,,,,,,
73500,2.1286852,2.874627,,,,,,,,,,,,,,
73600,2.0952196,2.249125,,,,,,,,,,,,,,
73700,2.4847116,1.7910527,,,,,,,,,,,,,,
73800,2.2232587,4.2827163,,,,,,,,,,,,,,
73900,2.024222,1.6761651,,,,,,,,,,,,,,
74000,2.2832434,1.736544,,,,,,,,,,,,,,
74100,1.9122573,3.597972,,,,,,,,,,,,,,
74200,1.9522908,2.8907712,,,,,,,,,,,,,,
74300,2.1860855,1.8322746,,,,,,,,,,,,,,
74385,,,0.8179687,0.71038014,0.73398,1.0671967,50000.0,0.6046,1.6999073,10000.0,33482.37318062782,33897.79572343826,33482.37318062782,413.6024851799011,0.8603556156158447,0.0
74400,2.4438903,1.7132982,,,,,,,,,,,,,,
74500,2.328713,1.8429383,,,,,,,,,,,,,,
74600,1.9294531,2.1755438,,,,,,,,,,,,,,
74700,2.277198,1.6287472,,,,,,,,,,,,,,
74800,2.0247033,1.8000579,,,,,,,,,,,,,,
74900,2.2291954,1.783449,,,,,,,,,,,,,,
75000,2.2259495,3.896072,,,,,,,,,,,,,,
75100,3.0225616,1.8334548,,,,,,,,,,,,,,
75200,2.0749474,2.0613883,,,,,,,,,,,,,,
75300,2.229541,1.6832108,,,,,,,,,,,,,,
75400,1.9152818,2.9626637,,,,,,,,,,,,,,
75500,2.038367,2.653236,,,,,,,,,,,,,,
75600,2.2794316,1.6536328,,,,,,,,,,,,,,
75700,2.0518506,1.7612314,,,,,,,,,,,,,,
75800,2.0002973,2.1678324,,,,,,,,,,,,,,
75900,1.8995842,2.5892115,,,,,,,,,,,,,,
76000,2.3302298,1.7856112,,,,,,,,,,,,,,
76100,2.1506765,3.4386325,,,,,,,,,,,,,,
76200,2.0941014,2.3270986,,,,,,,,,,,,,,
76300,1.9840966,2.5381525,,,,,,,,,,,,,,
76400,2.487379,1.7705212,,,,,,,,,,,,,,
76500,2.0557709,4.0779467,,,,,,,,,,,,,,
76600,2.2063076,1.8703231,,,,,,,,,,,,,,
76700,2.4674346,1.858529,,,,,,,,,,,,,,
76800,2.243857,1.7375598,,,,,,,,,,,,,,
76900,2.5372403,1.7660723,,,,,,,,,,,,,,
77000,2.2850041,1.8089632,,,,,,,,,,,,,,
77100,2.1214092,1.8534191,,,,,,,,,,,,,,
77200,2.5321639,1.8755021,,,,,,,,,,,,,,
77300,2.4874713,1.752721,,,,,,,,,,,,,,
77400,2.1602871,1.7861509,,,,,,,,,,,,,,
77500,2.2758636,1.8362463,,,,,,,,,,,,,,
77600,2.0226192,2.4845736,,,,,,,,,,,,,,
77700,2.2107773,1.8248574,,,,,,,,,,,,,,
77800,2.5352242,1.8435534,,,,,,,,,,,,,,
77900,2.0990686,3.5088775,,,,,,,,,,,,,,
78000,2.1454754,1.8866376,,,,,,,,,,,,,,
78100,2.1952984,4.0520635,,,,,,,,,,,,,,
78200,2.1840708,2.8284838,,,,,,,,,,,,,,
78300,2.533321,4.0672774,,,,,,,,,,,,,,
78400,2.0582707,1.6934655,,,,,,,,,,,,,,
78500,2.1588113,2.2975538,,,,,,,,,,,,,,
78600,2.275088,2.2046578,,,,,,,,,,,,,,
78700,2.3105707,1.8596122,,,,,,,,,,,,,,
78800,2.2853813,3.790928,,,,,,,,,,,,,,
78900,2.0604646,2.6325345,,,,,,,,,,,,,,
79000,2.2701998,3.0251842,,,,,,,,,,,,,,
79100,2.286961,1.8006717,,,,,,,,,,,,,,
79200,2.3951342,1.8305829,,,,,,,,,,,,,,
79300,2.0157363,2.275291,,,,,,,,,,,,,,
79400,2.3040075,1.7004802,,,,,,,,,,,,,,
79500,2.534337,3.5921478,,,,,,,,,,,,,,
79600,2.03217,3.4709375,,,,,,,,,,,,,,
79700,2.3245418,1.8039083,,,,,,,,,,,,,,
79800,2.2786655,1.8170651,,,,,,,,,,,,,,
79900,2.0405924,2.7164392,,,,,,,,,,,,,,
80000,2.3283298,1.7255785,,,,,,,,,,,,,,
80008,,,0.81828123,0.69564736,0.7398,1.0404032,50000.0,0.61190003,1.6679637,10000.0,36053.36723423004,36532.04015684128,36053.36723423004,476.7177641391754,0.9310016632080078,0.0
80100,2.275421,2.0437593,,,,,,,,,,,,,,
80200,2.0612376,3.9781618,,,,,,,,,,,,,,
80300,2.196535,2.2253675,,,,,,,,,,,,,,
80400,2.010229,3.9442906,,,,,,,,,,,,,,
80500,2.1844368,1.73276,,,,,,,,,,,,,,
80600,2.55147,4.123231,,,,,,,,,,,,,,
80700,2.1632557,1.655921,,,,,,,,,,,,,,
80800,2.2374854,1.778681,,,,,,,,,,,,,,
80900,2.0275855,2.6353724,,,,,,,,,,,,,,
81000,2.5352094,1.728389,,,,,,,,,,,,,,
81100,2.2290232,1.7348146,,,,,,,,,,,,,,
81200,2.1758666,4.1547155,,,,,,,,,,,,,,
81300,2.1318326,3.4953918,,,,,,,,,,,,,,
81400,2.0482311,4.116053,,,,,,,,,,,,,,
81500,2.2764187,1.6921327,,,,,,,,,,,,,,
81600,2.0206552,3.1871302,,,,,,,,,,,,,,
81700,2.1891663,1.8044556,,,,,,,,,,,,,,
81800,2.2262468,1.7255397,,,,,,,,,,,,,,
81900,2.2804613,1.6763664,,,,,,,,,,,,,,
82000,2.6350076,1.701095,,,,,,,,,,,,,,
82100,2.346184,4.179818,,,,,,,,,,,,,,
82200,2.3524303,1.655964,,,,,,,,,,,,,,
82300,2.1669445,2.4798532,,,,,,,,,,,,,,
82400,2.1434588,1.755029,,,,,,,,,,,,,,
82500,2.6346257,1.8324327,,,,,,,,,,,,,,
82600,2.053325,2.2486458,,,,,,,,,,,,,,
82700,2.2883656,1.6517266,,,,,,,,,,,,,,
82800,2.2500346,1.8438634,,,,,,,,,,,,,,
82900,2.1429589,2.3804543,,,,,,,,,,,,,,
83000,2.2644675,3.9908292,,,,,,,,,,,,,,
83100,2.405397,1.9538293,,,,,,,,,,,,,,
83200,2.1565194,1.7401702,,,,,,,,,,,,,,
83300,2.1874082,2.3226833,,,,,,,,,,,,,,
83400,2.232199,1.7581506,,,,,,,,,,,,,,
83500,2.1572561,1.7124687,,,,,,,,,,,,,,
83600,2.2828178,1.7755783,,,,,,,,,,,,,,
83700,2.0405087,1.6383032,,,,,,,,,,,,,,
83800,2.1022608,2.587511,,,,,,,,,,,,,,
83900,2.232185,1.8049185,,,,,,,,,,,,,,
84000,2.433954,1.7734846,,,,,,,,,,,,,,
84100,2.096368,2.1675673,,,,,,,,,,,,,,
84200,2.1788023,2.7400234,,,,,,,,,,,,,,
84300,1.9577887,2.8080964,,,,,,,,,,,,,,
84400,2.2895484,1.5993233,,,,,,,,,,,,,,
84500,2.0365398,1.7096905,,,,,,,,,,,,,,
84600,2.312941,1.7106655,,,,,,,,,,,,,,
84700,2.4234025,1.819859,,,,,,,,,,,,,,
84800,1.9406451,2.704136,,,,,,,,,,,,,,
84892,,,0.8271679,0.6639907,0.74394,1.0211294,50000.0,0.61910003,1.6458179,10000.0,38624.66419768333,39163.48775935173,38624.66419768333,536.7523899078369,0.9933533668518066,0.0
84900,2.1624691,1.6867532,,,,,,,,,,,,,,
85000,2.0085819,2.2109835,,,,,,,,,,,,,,
85100,2.0523834,1.7098773,,,,,,,,,,,,,,
85200,1.9488103,2.6051996,,,,,,,,,,,,,,
85300,2.2463822,2.4038906,,,,,,,,,,,,,,
85400,1.9880903,3.0416641,,,,,,,,,,,,,,
85500,2.1054215,2.205028,,,,,,,,,,,,,,
85600,2.2615037,1.7084545,,,,,,,,,,,,,,
85700,2.2372284,1.8328546,,,,,,,,,,,,,,
85800,2.2255592,1.8690721,,,,,,,,,,,,,,
85900,2.063526,2.623012,,,,,,,,,,,,,,
86000,2.1549175,1.6720036,,,,,,,,,,,,,,
86100,2.441834,1.7998395,,,,,,,,,,,,,,
86200,2.3048775,4.21678,,,,,,,,,,,,,,
86300,2.1166399,3.962097,,,,,,,,,,,,,,
86400,2.2978728,1.7565551,,,,,,,,,,,,,,
86500,2.0493205,2.6636062,,,,,,,,,,,,,,
86600,2.3684366,1.6838034,,,,,,,,,,,,,,
86700,2.151644,3.1003032,,,,,,,,,,,,,,
86800,1.9316607,1.8166114,,,,,,,,,,,,,,
86900,2.3568225,1.7652364,,,,,,,,,,,,,,
87000,2.076562,1.7315677,,,,,,,,,,,,,,
87100,2.3582838,2.095885,,,,,,,,,,,,,,
87200,2.6221778,1.8021005,,,,,,,,,,,,,,
87300,2.1436415,3.9278321,,,,,,,,,,,,,,
87400,2.101763,3.6313,,,,,,,,,,,,,,
87500,2.0072865,2.7298193,,,,,,,,,,,,,,
87600,2.2805123,1.8012841,,,,,,,,,,,,,,
87700,2.1728215,2.0796847,,,,,,,,,,,,,,
87800,2.1730497,2.7022765,,,,,,,,,,,,,,
87900,2.24291,1.6486068,,,,,,,,,,,,,,
88000,2.209729,1.7870097,,,,,,,,,,,,,,
88100,2.209864,4.103127,,,,,,,,,,,,,,
88200,2.373444,1.9257922,,,,,,,,,,,,,,
88300,2.3555813,1.7124745,,,,,,,,,,,,,,
88400,2.1261075,3.2455268,,,,,,,,,,,,,,
88500,2.3191903,3.891582,,,,,,,,,,,,,,
88600,2.3760276,2.0871184,,,,,,,,,,,,,,
88700,2.3719676,1.6970791,,,,,,,,,,,,,,
88800,2.2523165,4.0661535,,,,,,,,,,,,,,
88900,2.2398543,1.6839848,,,,,,,,,,,,,,
89000,2.2101183,3.9171393,,,,,,,,,,,,,,
89100,2.1440275,1.7335842,,,,,,,,,,,,,,
89200,2.16839,2.3636327,,,,,,,,,,,,,,
89300,2.0875454,2.5317736,,,,,,,,,,,,,,
89400,2.1007452,1.7494484,,,,,,,,,,,,,,
89500,2.0755,1.6512977,,,,,,,,,,,,,,
89524,,,0.82955074,0.6509546,0.74685997,1.005929,50000.0,0.623,1.6278218,10000.0,41195.49325633049,41894.40400838852,41195.49325633049,696.396431684494,1.209080934524536,0.0
89600,2.7373972,4.037418,,,,,,,,,,,,,,
89700,2.297034,1.6453382,,,,,,,,,,,,,,
89800,2.1674232,1.6639788,,,,,,,,,,,,,,
89900,2.1736028,2.3353372,,,,,,,,,,,,,,
90000,2.5330267,4.1802206,,,,,,,,,,,,,,
90100,2.423347,1.8520198,,,,,,,,,,,,,,
90200,2.0274153,3.8427515,,,,,,,,,,,,,,
90300,2.1735249,1.6633372,,,,,,,,,,,,,,
90400,2.243535,3.665696,,,,,,,,,,,,,,
90500,2.1802163,2.7314973,,,,,,,,,,,,,,
90600,2.1173701,2.0263054,,,,,,,,,,,,,,
90700,2.4114907,3.5351586,,,,,,,,,,,,,,
90800,2.547418,4.1802273,,,,,,,,,,,,,,
90900,2.2571962,3.764163,,,,,,,,,,,,,,
91000,2.315486,1.6936867,,,,,,,,,,,,,,
91100,2.3106875,4.1197777,,,,,,,,,,,,,,
91200,2.3746705,1.7196794,,,,,,,,,,,,,,
91300,2.120453,3.103849,,,,,,,,,,,,,,
91400,2.2486255,1.730339,,,,,,,,,,,,,,
91500,2.274605,1.9359722,,,,,,,,,,,,,,
91600,2.2294612,4.035876,,,,,,,,,,,,,,
91700,2.1537957,3.2677965,,,,,,,,,,,,,,
91800,2.1358106,3.4062397,,,,,,,,,,,,,,
91900,2.2726452,2.2345319,,,,,,,,,,,,,,
92000,2.3369138,1.7607236,,,,,,,,,,,,,,
92100,2.1894743,1.8586317,,,,,,,,,,,,,,
92200,2.2312438,1.6449488,,,,,,,,,,,,,,
92300,2.195291,2.9853313,,,,,,,,,,,,,,
92400,1.9997481,2.6016402,,,,,,,,,,,,,,
92500,2.229706,3.544103,,,,,,,,,,,,,,
92600,2.5777178,4.213848,,,,,,,,,,,,,,
92700,2.3641505,2.0329852,,,,,,,,,,,,,,
92800,2.4621367,4.26568,,,,,,,,,,,,,,
92900,2.1556091,2.4121594,,,,,,,,,,,,,,
93000,2.1903343,1.6063846,,,,,,,,,,,,,,
93100,2.3390758,1.8003585,,,,,,,,,,,,,,
93200,2.1512225,2.1280682,,,,,,,,,,,,,,
93300,2.5027943,1.7019613,,,,,,,,,,,,,,
93400,2.3939111,3.5479972,,,,,,,,,,,,,,
93500,2.446002,1.6092349,,,,,,,,,,,,,,
93600,2.1763487,1.7192774,,,,,,,,,,,,,,
93700,2.4403124,1.6526282,,,,,,,,,,,,,,
93800,1.929698,2.8081312,,,,,,,,,,,,,,
93900,2.3422585,2.4155972,,,,,,,,,,,,,,
94000,2.5577579,1.7889783,,,,,,,,,,,,,,
94100,2.1775897,1.8591338,,,,,,,,,,,,,,
94163,,,0.83816403,0.6262008,0.74898,0.9924704,50000.0,0.62630004,1.6119552,10000.0,43766.09308600426,44630.80620121956,43766.09308600426,861.3639762401581,1.7314496040344238,0.0
94200,2.1413696,1.6108246,,,,,,,,,,,,,,
94300,2.408385,1.9885365,,,,,,,,,,,,,,
94400,2.2142255,1.5806023,,,,,,,,,,,,,,
94500,2.2942092,1.4986278,,,,,,,,,,,,,,
94600,2.423614,3.6223512,,,,,,,,,,,,,,
94700,2.2205536,1.6100451,,,,,,,,,,,,,,
94800,2.3079464,1.6700892,,,,,,,,,,,,,,
94900,2.2423918,3.6080813,,,,,,,,,,,,,,
95000,2.1595347,2.602942,,,,,,,,,,,,,,
95100,2.3199623,2.2884128,,,,,,,,,,,,,,
95200,2.251407,1.7312089,,,,,,,,,,,,,,
95300,3.1062758,4.0166245,,,,,,,,,,,,,,
95400,2.1153302,1.7388777,,,,,,,,,,,,,,
95500,2.1573493,2.5983539,,,,,,,,,,,,,,
95600,2.1902127,1.6581239,,,,,,,,,,,,,,
95700,2.1268709,3.7667205,,,,,,,,,,,,,,
95800,2.403802,1.9493507,,,,,,,,,,,,,,
95900,2.2935562,2.9198742,,,,,,,,,,,,,,
96000,2.6383727,3.9783223,,,,,,,,,,,,,,
96100,2.3556492,2.0545666,,,,,,,,,,,,,,
96200,2.0667884,2.2214808,,,,,,,,,,,,,,
96300,2.1783252,1.7209582,,,,,,,,,,,,,,
96400,2.1412122,2.6184025,,,,,,,,,,,,,,
96500,2.3301916,1.670704,,,,,,,,,,,,,,
96600,2.2476969,1.5507729,,,,,,,,,,,,,,
96700,2.2363863,1.7878048,,,,,,,,,,,,,,
96800,2.3549619,1.8147418,,,,,,,,,,,,,,
96900,2.1224296,2.6454525,,,,,,,,,,,,,,
97000,2.245471,4.0675945,,,,,,,,,,,,,,
97100,2.5038822,4.1847124,,,,,,,,,,,,,,
97200,2.1550167,1.6404712,,,,,,,,,,,,,,
97300,2.150182,1.6615052,,,,,,,,,,,,,,
97400,2.2118413,2.6680536,,,,,,,,,,,,,,
97500,2.205919,1.9138894,,,,,,,,,,,,,,
97600,2.1662016,1.6642089,,,,,,,,,,,,,,
97700,2.0592468,3.4160786,,,,,,,,,,,,,,
97800,2.1084256,1.588021,,,,,,,,,,,,,,
97900,2.4507442,4.147361,,,,,,,,,,,,,,
98000,2.1546094,1.5814948,,,,,,,,,,,,,,
98100,2.2044404,2.6076016,,,,,,,,,,,,,,
98200,2.108856,2.1294837,,,,,,,,,,,,,,
98300,2.3034847,2.7728636,,,,,,,,,,,,,,
98400,2.6911254,1.7395246,,,,,,,,,,,,,,
98500,2.3085253,1.609066,,,,,,,,,,,,,,
98600,2.7406702,4.280286,,,,,,,,,,,,,,
98700,2.334996,1.7467871,,,,,,,,,,,,,,
98800,2.187611,3.6501987,,,,,,,,,,,,,,
98866,,,0.84404296,0.6047354,0.7521,0.9810945,50000.0,0.62630004,1.5943948,10000.0,46336.8071513176,47480.56954002381,46336.8071513176,1139.7165253162384,2.165261030197144,0.0
98900,2.3391798,1.8346677,,,,,,,,,,,,,,
99000,2.1777275,2.296765,,,,,,,,,,,,,,
99100,2.4589257,2.618582,,,,,,,,,,,,,,
99200,2.3592365,3.7648618,,,,,,,,,,,,,,
99300,2.2635043,1.6380242,,,,,,,,,,,,,,
99400,2.0936546,3.095362,,,,,,,,,,,,,,
99500,1.9378086,2.2757187,,,,,,,,,,,,,,
99600,2.2645109,2.3821826,,,,,,,,,,,,,,
99700,2.2617407,3.8859353,,,,,,,,,,,,,,
99800,2.1846488,1.6233392,,,,,,,,,,,,,,
99900,2.0380032,1.9705476,,,,,,,,,,,,,,
100000,2.2804532,1.7161624,,,,,,,,,,,,,,
100100,2.207273,1.7700068,,,,,,,,,,,,,,
100200,2.2648199,1.6482558,,,,,,,,,,,,,,
100300,2.5361736,1.7444443,,,,,,,,,,,,,,
100400,2.8374827,1.7732711,,,,,,,,,,,,,,
100500,2.3991873,1.7430781,,,,,,,,,,,,,,
100600,2.4908233,2.035192,,,,,,,,,,,,,,
100700,2.1623557,3.0436022,,,,,,,,,,,,,,
100800,2.6065822,1.6952511,,,,,,,,,,,,,,
100900,2.2817183,1.5617867,,,,,,,,,,,,,,
101000,2.4729302,1.6782491,,,,,,,,,,,,,,
101100,1.9943911,2.8166647,,,,,,,,,,,,,,
101200,2.3677242,2.0067472,,,,,,,,,,,,,,
101300,2.1702952,2.507083,,,,,,,,,,,,,,
101400,2.363301,3.5588498,,,,,,,,,,,,,,
101500,2.1765478,3.6618373,,,,,,,,,,,,,,
101600,2.2914789,2.9371228,,,,,,,,,,,,,,
101700,2.2583976,1.5648735,,,,,,,,,,,,,,
101800,2.317353,1.7199094,,,,,,,,,,,,,,
101900,1.9949814,2.3691268,,,,,,,,,,,,,,
102000,2.277573,1.974528,,,,,,,,,,,,,,
102100,2.5438092,3.752408,,,,,,,,,,,,,,
102200,2.6110518,3.956297,,,,,,,,,,,,,,
102300,2.19786,2.6933565,,,,,,,,,,,,,,
102400,2.303608,1.5294855,,,,,,,,,,,,,,
102500,2.4165683,1.6002247,,,,,,,,,,,,,,
102600,2.4898398,3.2867763,,,,,,,,,,,,,,
102700,2.1786723,1.7927155,,,,,,,,,,,,,,
102800,2.587444,4.0803475,,,,,,,,,,,,,,
102900,2.2464828,1.6989243,,,,,,,,,,,,,,
103000,2.2596698,1.6618857,,,,,,,,,,,,,,
103100,2.1590786,1.6601236,,,,,,,,,,,,,,
103200,2.3352144,1.7054678,,,,,,,,,,,,,,
103300,2.2559528,1.6870537,,,,,,,,,,,,,,
103400,2.2592137,1.6867769,,,,,,,,,,,,,,
103500,2.0295625,3.2456515,,,,,,,,,,,,,,
103563,,,0.8438086,0.5965057,0.75552,0.970532,50000.0,0.63030005,1.5819122,10000.0,48907.69667434693,50214.68439078331,48907.69667434693,1302.212186336517,2.648825168609619,0.0
103600,2.0664823,2.3806114,,,,,,,,,,,,,,
103700,2.309076,1.5611988,,,,,,,,,,,,,,
103800,2.3467789,3.9374108,,,,,,,,,,,,,,
103900,2.3742392,1.5781096,,,,,,,,,,,,,,
104000,2.2456384,1.993819,,,,,,,,,,,,,,
104100,2.1366625,2.316287,,,,,,,,,,,,,,
104200,2.1846354,1.6645592,,,,,,,,,,,,,,
104300,2.30787,1.6708233,,,,,,,,,,,,,,
104400,2.4113405,2.1385036,,,,,,,,,,,,,,
104500,2.3334217,3.713519,,,,,,,,,,,,,,
104600,2.33976,1.846695,,,,,,,,,,,,,,
104700,2.2640529,3.7502925,,,,,,,,,,,,,,
104800,2.3182588,2.1289284,,,,,,,,,,,,,,
104900,2.3022742,2.3803995,,,,,,,,,,,,,,
105000,2.18325,2.6347709,,,,,,,,,,,,,,
105100,2.4620204,1.8905166,,,,,,,,,,,,,,
105200,2.2770019,1.6978337,,,,,,,,,,,,,,
105300,2.2505882,1.7113264,,,,,,,,,,,,,,
105400,2.3792229,3.9538321,,,,,,,,,,,,,,
105500,2.6971114,4.130028,,,,,,,,,,,,,,
105600,2.3083222,1.5828766,,,,,,,,,,,,,,
105700,2.114521,1.9785455,,,,,,,,,,,,,,
105800,2.422873,1.7611573,,,,,,,,,,,,,,
105900,2.0126135,3.4753568,,,,,,,,,,,,,,
106000,2.4036202,1.9596478,,,,,,,,,,,,,,
106100,2.4453611,3.8676982,,,,,,,,,,,,,,
106200,2.4505117,1.7814746,,,,,,,,,,,,,,
106300,2.3998702,1.6661576,,,,,,,,,,,,,,
106400,2.2864578,1.6711581,,,,,,,,,,,,,,
106500,2.3901885,1.6331105,,,,,,,,,,,,,,
106600,2.4797308,1.6747849,,,,,,,,,,,,,,
106700,2.1458576,2.3782294,,,,,,,,,,,,,,
106800,2.1176536,2.2031336,,,,,,,,,,,,,,
106900,2.1520965,2.8520346,,,,,,,,,,,,,,
107000,2.3432224,2.1160111,,,,,,,,,,,,,,
107100,2.2267816,1.8906395,,,,,,,,,,,,,,
107200,2.2556226,1.7697878,,,,,,,,,,,,,,
107300,2.202947,1.633652,,,,,,,,,,,,,,
107400,2.3902433,1.6855748,,,,,,,,,,,,,,
107500,2.4923844,3.72268,,,,,,,,,,,,,,
107600,2.4350364,3.873729,,,,,,,,,,,,,,
107700,2.5672789,1.6955874,,,,,,,,,,,,,,
107800,2.4150221,1.7372419,,,,,,,,,,,,,,
107900,2.2489998,1.6660085,,,,,,,,,,,,,,
108000,2.309451,1.5430031,,,,,,,,,,,,,,
108100,2.3684292,3.6224856,,,,,,,,,,,,,,
108200,1.9643312,2.5730789,,,,,,,,,,,,,,
108300,3.0941114,1.7702782,,,,,,,,,,,,,,
108400,2.4040308,1.7422011,,,,,,,,,,,,,,
108460,,,0.8465039,0.58865523,0.75788,0.95991725,50000.0,0.63350004,1.5703601,10000.0,51478.0348508358,52980.20665717125,51478.0348508358,1496.6853466033936,3.1172053813934326,0.0
108500,2.1826866,2.0114074,,,,,,,,,,,,,,
108600,2.4522889,2.7794287,,,,,,,,,,,,,,
108700,2.1820817,1.8738936,,,,,,,,,,,,,,
108800,2.466739,1.7763722,,,,,,,,,,,,,,
108900,2.500711,3.8408222,,,,,,,,,,,,,,
109000,2.0533874,3.3153164,,,,,,,,,,,,,,
109100,2.311579,3.6326735,,,,,,,,,,,,,,
109200,2.2582438,1.9262682,,,,,,,,,,,,,,
109300,2.330761,1.5839934,,,,,,,,,,,,,,
109400,2.3128495,1.7207749,,,,,,,,,,,,,,
109500,2.2245932,1.8274943,,,,,,,,,,,,,,
109600,2.1060066,3.1344638,,,,,,,,,,,,,,
109700,2.3275244,1.5839298,,,,,,,,,,,,,,
109800,2.3885956,3.2384386,,,,,,,,,,,,,,
109900,2.066373,2.6825619,,,,,,,,,,,,,,
110000,2.4951146,1.7077421,,,,,,,,,,,,,,
110100,2.3609822,1.7870363,,,,,,,,,,,,,,
110200,2.3265142,3.7438118,,,,,,,,,,,,,,
110300,2.7687013,4.153991,,,,,,,,,,,,,,
110400,2.1742182,2.0017061,,,,,,,,,,,,,,
110500,2.0813498,2.2668765,,,,,,,,,,,,,,
110600,2.3571486,3.5120878,,,,,,,,,,,,,,
110700,2.1879287,2.490868,,,,,,,,,,,,,,
110800,2.2184732,3.1927838,,,,,,,,,,,,,,
110900,2.6638565,1.6198946,,,,,,,,,,,,,,
111000,2.384691,4.0180316,,,,,,,,,,,,,,
111100,2.398098,1.9501758,,,,,,,,,,,,,,
111200,2.3444602,1.5693831,,,,,,,,,,,,,,
111300,2.3164506,3.8332975,,,,,,,,,,,,,,
111400,2.3373475,2.8013654,,,,,,,,,,,,,,
111500,2.28946,1.7402364,,,,,,,,,,,,,,
111600,2.4108696,1.5692658,,,,,,,,,,,,,,
111700,2.232331,1.6890352,,,,,,,,,,,,,,
111800,2.420407,3.6997874,,,,,,,,,,,,,,
111900,2.3936303,1.6152422,,,,,,,,,,,,,,
112000,2.203133,2.915474,,,,,,,,,,,,,,
112100,2.1998167,1.6222832,,,,,,,,,,,,,,
112200,2.3675547,3.5731483,,,,,,,,,,,,,,
112300,2.0612392,2.2026644,,,,,,,,,,,,,,
112400,2.6442394,1.8597915,,,,,,,,,,,,,,
112500,2.2300076,1.5292562,,,,,,,,,,,,,,
112600,2.3796942,3.6011686,,,,,,,,,,,,,,
112700,2.5407712,4.010266,,,,,,,,,,,,,,
112800,2.0601997,2.6343172,,,,,,,,,,,,,,
112900,2.0847914,3.3911548,,,,,,,,,,,,,,
113000,2.212198,2.430263,,,,,,,,,,,,,,
113100,2.0871618,1.8269714,,,,,,,,,,,,,,
113200,2.2550538,1.6599544,,,,,,,,,,,,,,
113300,2.4056587,1.6288934,,,,,,,,,,,,,,
113375,,,0.85304683,0.5601203,0.76034,0.9494323,50000.0,0.6366,1.559863,10000.0,54048.541147232056,55609.30840110779,54048.541147232056,1554.533207654953,3.631783962249756,0.0
113400,2.7127025,4.0310516,,,,,,,,,,,,,,
113500,2.5582314,2.1980565,,,,,,,,,,,,,,
113600,2.5270493,1.860392,,,,,,,,,,,,,,
113700,2.4510577,3.928298,,,,,,,,,,,,,,
113800,2.5116637,3.982018,,,,,,,,,,,,,,
113900,2.2957523,1.6003656,,,,,,,,,,,,,,
114000,2.1676168,2.2166476,,,,,,,,,,,,,,
114100,2.4963853,1.6313765,,,,,,,,,,,,,,
114200,2.0941045,2.2452657,,,,,,,,,,,,,,
114300,2.5427194,3.7204359,,,,,,,,,,,,,,
114400,2.12161,2.6455991,,,,,,,,,,,,,,
114500,2.2957876,1.976529,,,,,,,,,,,,,,
114600,2.4039137,3.1811528,,,,,,,,,,,,,,
114700,2.1656585,1.870487,,,,,,,,,,,,,,
114800,2.1097841,2.1471415,,,,,,,,,,,,,,
114900,2.1577213,2.1455142,,,,,,,,,,,,,,
115000,2.277273,1.7623098,,,,,,,,,,,,,,
115100,2.2007756,2.0218313,,,,,,,,,,,,,,
115200,2.4303966,1.6187782,,,,,,,,,,,,,,
115300,2.0944996,3.2255235,,,,,,,,,,,,,,
115400,2.2948146,2.5955586,,,,,,,,,,,,,,
115500,2.3445406,2.0721166,,,,,,,,,,,,,,
115600,2.16697,3.2765586,,,,,,,,,,,,,,
115700,2.2888067,1.8241704,,,,,,,,,,,,,,
115800,2.7120852,1.622514,,,,,,,,,,,,,,
115900,2.3503904,1.715856,,,,,,,,,,,,,,
116000,2.4183056,1.9501117,,,,,,,,,,,,,,
116100,2.3478734,3.3784385,,,,,,,,,,,,,,
116200,2.3199425,1.8555874,,,,,,,,,,,,,,
116300,2.2833526,1.5827909,,,,,,,,,,,,,,
116400,2.3900566,1.5891073,,,,,,,,,,,,,,
116500,2.6586947,1.7164869,,,,,,,,,,,,,,
116600,2.556987,1.6547604,,,,,,,,,,,,,,
116700,3.4876418,1.635535,,,,,,,,,,,,,,
116800,2.322075,1.5807016,,,,,,,,,,,,,,
116900,2.3592935,3.5986543,,,,,,,,,,,,,,
117000,2.0547552,2.3554027,,,,,,,,,,,,,,
117100,2.338312,3.6941047,,,,,,,,,,,,,,
117200,2.4888444,1.6425135,,,,,,,,,,,,,,
117300,2.307898,3.6012697,,,,,,,,,,,,,,
117400,2.0611422,2.5668216,,,,,,,,,,,,,,
117500,2.3281963,3.676899,,,,,,,,,,,,,,
117600,2.4697256,3.5428147,,,,,,,,,,,,,,
117700,2.4666433,1.6376653,,,,,,,,,,,,,,
117800,2.1761138,1.7318459,,,,,,,,,,,,,,
117900,2.4291348,1.6011131,,,,,,,,,,,,,,
118000,2.5419838,4.068442,,,,,,,,,,,,,,
118100,2.6384776,3.8838873,,,,,,,,,,,,,,
118200,2.1045108,2.0945792,,,,,,,,,,,,,,
118300,2.266449,1.8529036,,,,,,,,,,,,,,
118306,,,0.85355467,0.5553993,0.76331997,0.94027156,50000.0,0.6394,1.5482359,10000.0,56619.26318907738,58338.32324743271,56619.26318907738,1711.96422624588,4.2534568309783936,0.0
118400,2.2133098,1.8716917,,,,,,,,,,,,,,
118500,2.1124,2.4183116,,,,,,,,,,,,,,
118600,2.4620116,3.9478436,,,,,,,,,,,,,,
118700,2.560261,1.5252872,,,,,,,,,,,,,,
118800,2.4582667,1.5584292,,,,,,,,,,,,,,
118900,2.566281,1.6525455,,,,,,,,,,,,,,
119000,2.1887124,2.853806,,,,,,,,,,,,,,
119100,2.161325,2.3789668,,,,,,,,,,,,,,
119200,2.5725594,3.8068519,,,,,,,,,,,,,,
119300,2.2834883,2.024886,,,,,,,,,,,,,,
119400,2.3807657,1.6683898,,,,,,,,,,,,,,
119500,2.369329,1.5671191,,,,,,,,,,,,,,
119600,2.2371283,1.6554586,,,,,,,,,,,,,,
119700,2.3825023,1.6096318,,,,,,,,,,,,,,
119800,2.431102,2.968501,,,,,,,,,,,,,,
119900,2.245257,2.7691746,,,,,,,,,,,,,,
120000,2.1262817,2.71324,,,,,,,,,,,,,,
120100,2.4254498,1.6325101,,,,,,,,,,,,,,
120200,2.312476,3.8086302,,,,,,,,,,,,,,
120300,2.4154952,3.4764304,,,,,,,,,,,,,,
120400,2.470156,3.4951077,,,,,,,,,,,,,,
120500,2.2003236,1.6224203,,,,,,,,,,,,,,
120600,2.2249043,1.9832866,,,,,,,,,,,,,,
120700,2.4316692,1.697859,,,,,,,,,,,,,,
120800,2.2890604,1.5770552,,,,,,,,,,,,,,
120900,2.3881109,1.6972289,,,,,,,,,,,,,,
121000,2.02918,2.3139367,,,,,,,,,,,,,,
121100,2.2299376,2.505791,,,,,,,,,,,,,,
121200,2.3897007,2.93216,,,,,,,,,,,,,,
121300,2.4198503,1.847212,,,,,,,,,,,,,,
121400,2.4311638,1.6403692,,,,,,,,,,,,,,
121500,2.5524693,1.6642199,,,,,,,,,,,,,,
121600,2.2324448,2.9787102,,,,,,,,,,,,,,
121700,2.3122847,3.5313416,,,,,,,,,,,,,,
121800,2.5450356,1.657942,,,,,,,,,,,,,,
121900,2.4112864,3.6607814,,,,,,,,,,,,,,
122000,2.3247197,1.5949785,,,,,,,,,,,,,,
122100,2.3341641,1.862894,,,,,,,,,,,,,,
122200,2.1460874,3.1089604,,,,,,,,,,,,,,
122300,2.1041176,2.1901915,,,,,,,,,,,,,,
122400,2.3817058,1.6091996,,,,,,,,,,,,,,
122500,2.429532,1.6428438,,,,,,,,,,,,,,
122600,2.2444127,2.292229,,,,,,,,,,,,,,
122700,2.246426,1.7289456,,,,,,,,,,,,,,
122800,2.4187706,1.6490834,,,,,,,,,,,,,,
122900,2.2857282,1.5926533,,,,,,,,,,,,,,
123000,3.00096,3.976276,,,,,,,,,,,,,,
123100,2.178365,2.4030638,,,,,,,,,,,,,,
123200,2.4368694,1.5763488,,,,,,,,,,,,,,
123300,2.1291277,2.5370846,,,,,,,,,,,,,,
123314,,,0.85498047,0.54953605,0.76387995,0.9321549,50000.0,0.64210004,1.539121,10000.0,59189.65956664085,61043.15477395058,59189.65956664085,1845.5833826065063,4.84737491607666,0.0
123400,2.855306,1.5255213,,,,,,,,,,,,,,
123500,2.2117534,2.4134119,,,,,,,,,,,,,,
123600,2.3000057,1.6939197,,,,,,,,,,,,,,
123700,2.2133589,1.9879694,,,,,,,,,,,,,,
123800,2.3831267,1.6891617,,,,,,,,,,,,,,
123900,2.4541748,1.923145,,,,,,,,,,,,,,
124000,2.257619,1.6133038,,,,,,,,,,,,,,
124100,2.2853358,3.0210018,,,,,,,,,,,,,,
124200,2.1672127,1.7979372,,,,,,,,,,,,,,
124300,2.4051054,2.9192734,,,,,,,,,,,,,,
124400,2.0577848,2.1586542,,,,,,,,,,,,,,
124500,2.725959,1.6497717,,,,,,,,,,,,,,
124600,2.6388361,1.7165293,,,,,,,,,,,,,,
124700,2.365041,3.541195,,,,,,,,,,,,,,
124800,2.2935412,2.6991289,,,,,,,,,,,,,,
124900,2.2268379,2.8848822,,,,,,,,,,,,,,
125000,2.6901395,3.9818745,,,,,,,,,,,,,,
125100,2.4301963,1.5901957,,,,,,,,,,,,,,
125200,2.3488812,1.6350527,,,,,,,,,,,,,,
125300,2.8586729,3.9305391,,,,,,,,,,,,,,
125400,2.7909925,4.004658,,,,,,,,,,,,,,
125500,2.693014,2.5018678,,,,,,,,,,,,,,
125600,2.2051382,1.3926768,,,,,,,,,,,,,,
125700,2.2817993,1.6313744,,,,,,,,,,,,,,
125800,2.3841324,1.6041504,,,,,,,,,,,,,,
125900,2.3990626,1.6793005,,,,,,,,,,,,,,
126000,2.1703436,2.4205317,,,,,,,,,,,,,,
126100,2.2277474,1.6202942,,,,,,,,,,,,,,
126200,2.1298015,2.3347697,,,,,,,,,,,,,,
126300,2.6032019,1.7666358,,,,,,,,,,,,,,
126400,2.3564935,3.5686774,,,,,,,,,,,,,,
126500,2.409883,3.7965558,,,,,,,,,,,,,,
126600,2.4135196,1.5992107,,,,,,,,,,,,,,
126700,2.1601307,2.531991,,,,,,,,,,,,,,
126800,2.5900404,1.5803494,,,,,,,,,,,,,,
126900,2.33861,1.6218505,,,,,,,,,,,,,,
127000,2.4034455,2.689538,,,,,,,,,,,,,,
127100,2.1263123,2.770382,,,,,,,,,,,,,,
127200,2.710194,4.039824,,,,,,,,,,,,,,
127300,2.5645287,1.4723226,,,,,,,,,,,,,,
127400,2.4126446,1.7498158,,,,,,,,,,,,,,
127500,2.1026301,3.0220547,,,,,,,,,,,,,,
127600,2.4132304,1.7097044,,,,,,,,,,,,,,
127700,2.6128056,3.8798356,,,,,,,,,,,,,,
127800,2.2436955,2.6650405,,,,,,,,,,,,,,
127900,2.3577693,1.459788,,,,,,,,,,,,,,
128000,2.3662312,1.4613557,,,,,,,,,,,,,,
128100,2.2105691,1.7868074,,,,,,,,,,,,,,
128200,2.4836717,1.5598059,,,,,,,,,,,,,,
128300,2.4751856,1.6355872,,,,,,,,,,,,,,
128389,,,0.85716796,0.54076767,0.76607996,0.9248193,50000.0,0.6449,1.5312358,10000.0,61760.7267768383,63657.756432294846,61760.7267768383,1888.414103507996,5.314645290374756,0.0
128400,2.2879121,2.5899038,,,,,,,,,,,,,,
128500,2.2300494,2.0261607,,,,,,,,,,,,,,
128600,2.2496216,3.2251866,,,,,,,,,,,,,,
128700,2.3789084,3.9587848,,,,,,,,,,,,,,
128800,2.5600698,1.703916,,,,,,,,,,,,,,
128900,2.1841788,3.216774,,,,,,,,,,,,,,
129000,2.4099905,1.6343768,,,,,,,,,,,,,,
129100,2.4207585,1.5859337,,,,,,,,,,,,,,
129200,2.5528114,1.6267586,,,,,,,,,,,,,,
129300,2.3461416,1.5890929,,,,,,,,,,,,,,
129400,2.3737483,1.5915737,,,,,,,,,,,,,,
129500,2.1574678,2.7800267,,,,,,,,,,,,,,
129600,2.1779664,1.4969203,,,,,,,,,,,,,,
129700,2.3907285,1.5742424,,,,,,,,,,,,,,
129800,2.3178062,1.5222044,,,,,,,,,,,,,,
129900,2.4233937,1.628057,,,,,,,,,,,,,,
130000,2.5128348,1.536727,,,,,,,,,,,,,,
130100,2.341321,1.5137086,,,,,,,,,,,,,,
130200,2.534297,1.7135389,,,,,,,,,,,,,,
130300,2.3491676,1.8849001,,,,,,,,,,,,,,
130400,2.3304405,2.6847305,,,,,,,,,,,,,,
130500,2.2278852,2.684297,,,,,,,,,,,,,,
130600,2.5347638,1.5148015,,,,,,,,,,,,,,
130700,2.2708929,1.5955687,,,,,,,,,,,,,,
130800,2.190677,3.0254197,,,,,,,,,,,,,,
130900,2.3487742,2.9805574,,,,,,,,,,,,,,
131000,2.396198,1.6171732,,,,,,,,,,,,,,
131100,2.307959,1.6587956,,,,,,,,,,,,,,
131200,2.2003553,2.415286,,,,,,,,,,,,,,
131300,2.3975363,1.6268127,,,,,,,,,,,,,,
131400,2.329984,1.5913955,,,,,,,,,,,,,,
131500,2.4116018,2.1548023,,,,,,,,,,,,,,
131600,2.2986069,1.7868395,,,,,,,,,,,,,,
131700,2.661612,1.5611418,,,,,,,,,,,,,,
131800,2.262557,1.47316,,,,,,,,,,,,,,
131900,2.185927,1.9800756,,,,,,,,,,,,,,
132000,2.377489,1.5948671,,,,,,,,,,,,,,
132100,2.377846,1.8425539,,,,,,,,,,,,,,
132200,2.3367267,1.6388812,,,,,,,,,,,,,,
132300,2.4325135,1.6401055,,,,,,,,,,,,,,
132400,2.3950891,1.9237511,,,,,,,,,,,,,,
132500,2.3670497,2.5102744,,,,,,,,,,,,,,
132600,2.3718653,1.4982684,,,,,,,,,,,,,,
132700,2.366933,1.5946541,,,,,,,,,,,,,,
132800,2.2253418,3.5757737,,,,,,,,,,,,,,
132900,2.3439734,1.7260027,,,,,,,,,,,,,,
133000,2.3301506,3.5792873,,,,,,,,,,,,,,
133100,2.3619664,2.6459765,,,,,,,,,,,,,,
133200,2.4523237,1.5762506,,,,,,,,,,,,,,
133300,2.4945414,1.5910339,,,,,,,,,,,,,,
133400,2.34161,1.470669,,,,,,,,,,,,,,
133433,,,0.8594336,0.5315643,0.76778,0.9169937,50000.0,0.6434,1.5238984,10000.0,64331.18492555618,66275.48584413528,64331.18492555618,1934.86679148674,5.843622446060181,0.0
133500,2.2295442,1.8001835,,,,,,,,,,,,,,
133600,2.3915465,1.5987643,,,,,,,,,,,,,,
133700,2.4629562,3.467125,,,,,,,,,,,,,,
133800,2.328218,1.9359086,,,,,,,,,,,,,,
133900,2.3559752,1.5746176,,,,,,,,,,,,,,
134000,2.3156946,1.961143,,,,,,,,,,,,,,
134100,2.2452085,1.9356883,,,,,,,,,,,,,,
134200,2.3645415,1.6905822,,,,,,,,,,,,,,
134300,2.2127733,1.53177,,,,,,,,,,,,,,
134400,3.092544,3.5464735,,,,,,,,,,,,,,
134500,2.3418138,1.5569981,,,,,,,,,,,,,,
134600,2.1566484,3.240898,,,,,,,,,,,,,,
134700,2.4681847,1.5176992,,,,,,,,,,,,,,
134800,2.2946496,1.391217,,,,,,,,,,,,,,
134900,2.6432104,3.8356771,,,,,,,,,,,,,,
135000,2.5309815,3.9967935,,,,,,,,,,,,,,
135100,2.2804987,2.4100995,,,,,,,,,,,,,,
135200,2.470642,3.3313847,,,,,,,,,,,,,,
135300,2.2924688,3.0767424,,,,,,,,,,,,,,
135400,2.1858695,3.262119,,,,,,,,,,,,,,
135500,2.252668,1.7057971,,,,,,,,,,,,,,
135600,2.348788,1.5157117,,,,,,,,,,,,,,
135700,2.2494445,1.5539651,,,,,,,,,,,,,,
135800,2.166141,1.8711545,,,,,,,,,,,,,,
135900,2.4574409,2.8957539,,,,,,,,,,,,,,
136000,2.4786363,3.937963,,,,,,,,,,,,,,
136100,2.5028858,1.5412958,,,,,,,,,,,,,,
136200,2.218736,2.7846763,,,,,,,,,,,,,,
136300,2.3472743,2.991709,,,,,,,,,,,,,,
136400,2.4279454,1.6441419,,,,,,,,,,,,,,
136500,2.2783797,1.8133683,,,,,,,,,,,,,,
136600,2.2270973,1.601931,,,,,,,,,,,,,,
136700,2.351537,1.6191404,,,,,,,,,,,,,,
136800,2.3531666,1.5012827,,,,,,,,,,,,,,
136900,2.6143198,3.8278003,,,,,,,,,,,,,,
137000,2.4406414,1.6245284,,,,,,,,,,,,,,
137100,2.237182,2.1915586,,,,,,,,,,,,,,
137200,2.6169553,1.5373337,,,,,,,,,,,,,,
137300,2.2710252,3.2581227,,,,,,,,,,,,,,
137400,2.307115,1.7698345,,,,,,,,,,,,,,
137500,2.4250321,3.2810826,,,,,,,,,,,,,,
137600,2.908198,3.8157053,,,,,,,,,,,,,,
137700,2.4191866,1.4741197,,,,,,,,,,,,,,
137800,2.4753532,1.7624583,,,,,,,,,,,,,,
137900,2.7339225,4.0445714,,,,,,,,,,,,,,
138000,2.361925,1.7253926,,,,,,,,,,,,,,
138100,2.3114927,2.8084958,,,,,,,,,,,,,,
138200,2.4029982,3.2516465,,,,,,,,,,,,,,
138300,2.399632,1.5699601,,,,,,,,,,,,,,
138400,2.529698,1.7446415,,,,,,,,,,,,,,
138416,,,0.86080074,0.52243143,0.7685,0.9096046,50000.0,0.6466,1.5150054,10000.0,66902.29409646988,68873.89605116844,66902.29409646988,1961.934463262558,5.96322226524353,0.0
138500,2.2546434,1.4592857,,,,,,,,,,,,,,
138600,2.3250253,3.536858,,,,,,,,,,,,,,
138700,2.556428,1.583714,,,,,,,,,,,,,,
138800,2.3743248,1.5093281,,,,,,,,,,,,,,
138900,2.3620772,1.929934,,,,,,,,,,,,,,
139000,2.5544586,3.3398151,,,,,,,,,,,,,,
139100,2.6668756,1.6202772,,,,,,,,,,,,,,
139200,2.6417682,3.89626,,,,,,,,,,,,,,
139300,2.2283993,1.4090102,,,,,,,,,,,,,,
139400,2.3443255,1.5456098,,,,,,,,,,,,,,
139500,2.4078317,2.0823889,,,,,,,,,,,,,,
139600,2.4090822,1.639756,,,,,,,,,,,,,,
139700,2.7483158,2.1821733,,,,,,,,,,,,,,
139800,2.3311975,2.5935352,,,,,,,,,,,,,,
139900,2.9048905,2.0216203,,,,,,,,,,,,,,
140000,2.5360763,3.7874823,,,,,,,,,,,,,,
140100,2.353159,1.6049268,,,,,,,,,,,,,,
140200,2.5575209,3.5370138,,,,,,,,,,,,,,
140300,2.5008082,2.257606,,,,,,,,,,,,,,
140400,2.5103602,3.6825237,,,,,,,,,,,,,,
140500,2.3313544,1.6233441,,,,,,,,,,,,,,
140600,2.3615532,1.6238837,,,,,,,,,,,,,,
140700,2.2002563,2.4658742,,,,,,,,,,,,,,
140800,2.2990053,1.7234027,,,,,,,,,,,,,,
140900,2.301389,1.9013968,,,,,,,,,,,,,,
141000,2.2599633,3.1177392,,,,,,,,,,,,,,
141100,2.017146,2.767654,,,,,,,,,,,,,,
141200,2.4001849,1.480764,,,,,,,,,,,,,,
141300,2.2005055,1.4384593,,,,,,,,,,,,,,
141400,2.5339396,3.923081,,,,,,,,,,,,,,
141500,2.6260228,1.5184652,,,,,,,,,,,,,,
141600,2.2574747,1.6374657,,,,,,,,,,,,,,
141700,2.3610272,1.6091006,,,,,,,,,,,,,,
141800,2.2362254,2.1282618,,,,,,,,,,,,,,
141900,2.1846716,1.6682105,,,,,,,,,,,,,,
142000,2.8243937,3.9185226,,,,,,,,,,,,,,
142100,2.385265,1.6511195,,,,,,,,,,,,,,
142200,2.5633223,1.5885477,,,,,,,,,,,,,,
142300,2.5396805,1.696796,,,,,,,,,,,,,,
142400,2.3890967,3.7583864,,,,,,,,,,,,,,
142500,2.3470538,1.5307927,,,,,,,,,,,,,,
142600,2.2953303,1.4985181,,,,,,,,,,,,,,
142700,2.393512,1.4466743,,,,,,,,,,,,,,
142800,2.9048343,1.5819232,,,,,,,,,,,,,,
142900,2.562846,1.6994312,,,,,,,,,,,,,,
143000,2.3272562,1.5159883,,,,,,,,,,,,,,
143100,2.163907,2.3757114,,,,,,,,,,,,,,
143200,2.5726461,3.7786095,,,,,,,,,,,,,,
143300,2.2920856,1.7516999,,,,,,,,,,,,,,
143400,2.2160587,1.9559457,,,,,,,,,,,,,,
143414,,,0.8613867,0.5209857,0.76934,0.9036932,50000.0,0.64830005,1.5073905,10000.0,69473.4309270382,71560.8154554367,69473.4309270382,2077.502747774124,6.0808022022247314,0.0
143500,2.2824333,2.1090293,,,,,,,,,,,,,,
143600,2.589817,3.919547,,,,,,,,,,,,,,
143700,2.3133411,1.5187428,,,,,,,,,,,,,,
143800,2.2432265,2.0796833,,,,,,,,,,,,,,
143900,2.5326662,3.6007977,,,,,,,,,,,,,,
144000,2.2030582,3.360066,,,,,,,,,,,,,,
144100,2.3371153,1.5739201,,,,,,,,,,,,,,
144200,2.7115731,3.933198,,,,,,,,,,,,,,
144300,2.3943717,1.6183203,,,,,,,,,,,,,,
144400,2.4241815,1.5978005,,,,,,,,,,,,,,
144500,2.630943,3.7535563,,,,,,,,,,,,,,
144600,2.378284,1.646003,,,,,,,,,,,,,,
144700,2.6502144,1.7051837,,,,,,,,,,,,,,
144800,2.5070686,1.6653845,,,,,,,,,,,,,,
144900,2.2097895,1.4366086,,,,,,,,,,,,,,
145000,2.6093667,1.7132292,,,,,,,,,,,,,,
145100,2.258433,1.6768954,,,,,,,,,,,,,,
145200,2.2552855,1.6164997,,,,,,,,,,,,,,
145300,2.3484416,3.4558187,,,,,,,,,,,,,,
145400,2.431778,1.7898791,,,,,,,,,,,,,,
145500,2.4315052,2.7422523,,,,,,,,,,,,,,
145600,2.3889055,1.5895,,,,,,,,,,,,,,
145700,2.57928,2.3616648,,,,,,,,,,,,,,
145800,2.334731,1.5666578,,,,,,,,,,,,,,
145900,2.0982587,2.6744165,,,,,,,,,,,,,,
146000,2.2957408,1.7705828,,,,,,,,,,,,,,
146100,2.3552418,1.515134,,,,,,,,,,,,,,
146200,2.66448,3.602363,,,,,,,,,,,,,,
146300,2.4894066,1.7979331,,,,,,,,,,,,,,
146400,2.8259513,1.5468582,,,,,,,,,,,,,,
146500,2.2671058,3.269238,,,,,,,,,,,,,,
146600,2.1726635,2.0574663,,,,,,,,,,,,,,
146700,2.274104,1.7549057,,,,,,,,,,,,,,
146800,2.4250576,1.6950934,,,,,,,,,,,,,,
146900,2.0495563,2.3287504,,,,,,,,,,,,,,
147000,2.430547,1.5373726,,,,,,,,,,,,,,
147100,2.3562403,1.7647206,,,,,,,,,,,,,,
147200,2.4385312,1.4925876,,,,,,,,,,,,,,
147300,2.743087,1.579207,,,,,,,,,,,,,,
147400,2.2086148,1.4142116,,,,,,,,,,,,,,
147500,2.9299185,3.7959664,,,,,,,,,,,,,,
147600,2.5017633,1.5839636,,,,,,,,,,,,,,
147700,2.3608134,1.374206,,,,,,,,,,,,,,
147800,2.5241256,1.6560259,,,,,,,,,,,,,,
147900,2.4305882,1.4240606,,,,,,,,,,,,,,
148000,2.3615556,1.5954142,,,,,,,,,,,,,,
148100,2.5915422,3.9204402,,,,,,,,,,,,,,
148200,2.8945315,3.541965,,,,,,,,,,,,,,
148248,,,0.8639648,0.509263,0.77014,0.89984566,50000.0,0.64900005,1.4998748,10000.0,72044.35810351372,74260.50315666199,72044.35810351372,2205.98883843422,6.193105697631836,0.0
148300,2.3049698,1.5891154,,,,,,,,,,,,,,
148400,2.304568,2.4488454,,,,,,,,,,,,,,
148500,2.3573003,2.9907296,,,,,,,,,,,,,,
148600,2.4525566,1.5307984,,,,,,,,,,,,,,
148700,2.5813718,3.4951508,,,,,,,,,,,,,,
148800,2.2289014,2.8605762,,,,,,,,,,,,,,
148900,2.2358327,1.496443,,,,,,,,,,,,,,
149000,2.8204422,3.9026287,,,,,,,,,,,,,,
149100,2.3905666,1.638961,,,,,,,,,,,,,,
149200,2.3854985,1.5274991,,,,,,,,,,,,,,
149300,2.4978275,2.1466455,,,,,,,,,,,,,,
149400,2.280038,2.0077581,,,,,,,,,,,,,,
149500,2.368156,1.488553,,,,,,,,,,,,,,
149600,2.3330402,2.0197525,,,,,,,,,,,,,,
149700,2.438717,3.0951774,,,,,,,,,,,,,,
149800,2.442254,1.6119773,,,,,,,,,,,,,,
149900,2.6873264,3.9036095,,,,,,,,,,,,,,
150000,2.217802,1.5358585,,,,,,,,,,,,,,
150100,2.3459232,1.4845921,,,,,,,,,,,,,,
150200,2.5818875,1.6036544,,,,,,,,,,,,,,
150300,2.371936,1.5269153,,,,,,,,,,,,,,
150400,2.466209,1.5469925,,,,,,,,,,,,,,
150500,2.2518907,2.1263778,,,,,,,,,,,,,,
150600,2.3340905,2.9107146,,,,,,,,,,,,,,
150700,2.250862,1.5505023,,,,,,,,,,,,,,
150800,2.2415893,3.0342646,,,,,,,,,,,,,,
150900,2.3319733,2.3577914,,,,,,,,,,,,,,
151000,2.922069,1.5790342,,,,,,,,,,,,,,
151100,2.3698685,3.5118308,,,,,,,,,,,,,,
151200,2.2979476,2.2591357,,,,,,,,,,,,,,
151300,2.2512472,3.1130185,,,,,,,,,,,,,,
151400,2.379049,1.6313375,,,,,,,,,,,,,,
151500,2.3880978,1.8404951,,,,,,,,,,,,,,
151600,2.582665,1.5725237,,,,,,,,,,,,,,
151700,2.49356,2.872765,,,,,,,,,,,,,,
151800,2.478633,1.4749985,,,,,,,,,,,,,,
151900,2.3815496,1.5782125,,,,,,,,,,,,,,
152000,2.5292783,1.5539275,,,,,,,,,,,,,,
152100,2.541282,1.7866755,,,,,,,,,,,,,,
152200,2.6067634,1.511342,,,,,,,,,,,,,,
152300,2.485511,1.4756546,,,,,,,,,,,,,,
152400,2.521209,3.6379557,,,,,,,,,,,,,,
152500,2.4393995,1.5511247,,,,,,,,,,,,,,
152600,2.8068435,1.5307603,,,,,,,,,,,,,,
152700,2.7628267,3.903275,,,,,,,,,,,,,,
152800,2.475469,1.6254743,,,,,,,,,,,,,,
152900,2.1859238,1.6930895,,,,,,,,,,,,,,
153000,2.5938544,1.599405,,,,,,,,,,,,,,
153100,2.2011955,1.4881191,,,,,,,,,,,,,,
153123,,,0.8662304,0.50765795,0.77103996,0.89631414,50000.0,0.652,1.4954348,10000.0,74615.28429317474,76927.13473844528,74615.28429317474,2301.452303171158,6.31650447845459,0.0
153200,2.8870723,3.9132338,,,,,,,,,,,,,,
153300,2.394467,1.6315954,,,,,,,,,,,,,,
153400,2.2534645,1.6093128,,,,,,,,,,,,,,
153500,2.5194888,1.6213427,,,,,,,,,,,,,,
153600,2.468052,1.4688234,,,,,,,,,,,,,,
153700,2.2040634,2.2448487,,,,,,,,,,,,,,
153800,2.2509873,1.9679346,,,,,,,,,,,,,,
153900,2.2269206,1.5166625,,,,,,,,,,,,,,
154000,2.5454748,1.5473614,,,,,,,,,,,,,,
154100,2.289204,1.4761093,,,,,,,,,,,,,,
154200,2.22941,1.4199657,,,,,,,,,,,,,,
154300,2.384229,1.7497324,,,,,,,,,,,,,,
154400,2.1533988,1.7660172,,,,,,,,,,,,,,
154500,2.4967394,2.8357644,,,,,,,,,,,,,,
154600,2.3999696,1.5058002,,,,,,,,,,,,,,
154700,2.3023326,1.5528578,,,,,,,,,,,,,,
154800,2.2230606,1.7108749,,,,,,,,,,,,,,
154900,2.4461699,1.6170292,,,,,,,,,,,,,,
155000,2.7098906,3.8999376,,,,,,,,,,,,,,
155100,2.547183,1.5589768,,,,,,,,,,,,,,
155200,2.39667,1.9775908,,,,,,,,,,,,,,
155300,2.4664047,1.7445228,,,,,,,,,,,,,,
155400,2.5575778,3.740774,,,,,,,,,,,,,,
155500,2.3208382,1.48979,,,,,,,,,,,,,,
155600,2.4959679,1.6094284,,,,,,,,,,,,,,
155700,2.6434252,3.5842462,,,,,,,,,,,,,,
155800,2.3986752,1.6397958,,,,,,,,,,,,,,
155900,2.2034283,2.345694,,,,,,,,,,,,,,
156000,2.4411643,2.571785,,,,,,,,,,,,,,
156100,2.1818275,2.1023536,,,,,,,,,,,,,,
156200,2.6041791,3.574007,,,,,,,,,,,,,,
156300,2.5105803,3.0519102,,,,,,,,,,,,,,
156400,2.6713629,1.6001856,,,,,,,,,,,,,,
156500,2.768654,3.9668422,,,,,,,,,,,,,,
156600,2.2836215,2.341814,,,,,,,,,,,,,,
156700,2.3902256,1.4555358,,,,,,,,,,,,,,
156800,2.297595,1.4982418,,,,,,,,,,,,,,
156900,2.2730715,2.029092,,,,,,,,,,,,,,
157000,2.8172824,3.4641895,,,,,,,,,,,,,,
157100,2.361408,3.3175945,,,,,,,,,,,,,,
157200,2.6383712,1.5764248,,,,,,,,,,,,,,
157300,2.286781,2.7287002,,,,,,,,,,,,,,
157400,2.3463058,1.8197263,,,,,,,,,,,,,,
157500,2.2574072,2.5597255,,,,,,,,,,,,,,
157600,2.6581092,1.4784198,,,,,,,,,,,,,,
157700,2.0918634,1.96433,,,,,,,,,,,,,,
157800,2.5357814,1.6998247,,,,,,,,,,,,,,
157900,2.6382744,3.171366,,,,,,,,,,,,,,
158000,2.5551884,1.5646718,,,,,,,,,,,,,,
158072,,,0.8666406,0.501016,0.77257997,0.8919556,50000.0,0.65480006,1.4916973,10000.0,77186.38956856728,79591.06441187859,77186.38956856728,2394.027901172638,6.44536828994751,0.0
158100,2.2996259,1.4821782,,,,,,,,,,,,,,
158200,2.5152612,1.543384,,,,,,,,,,,,,,
158300,2.4582965,3.585251,,,,,,,,,,,,,,
158400,2.4367821,1.5244628,,,,,,,,,,,,,,
158500,2.443906,2.9609098,,,,,,,,,,,,,,
158600,2.584781,3.857012,,,,,,,,,,,,,,
158700,2.4818804,3.8557959,,,,,,,,,,,,,,
158800,2.3263521,1.4934001,,,,,,,,,,,,,,
158900,2.4171662,2.882258,,,,,,,,,,,,,,
159000,2.1607168,1.9218962,,,,,,,,,,,,,,
159100,2.5998874,1.5788994,,,,,,,,,,,,,,
159200,2.5145218,1.6788969,,,,,,,,,,,,,,
159300,2.445698,1.5952244,,,,,,,,,,,,,,
159400,2.5094488,1.4568031,,,,,,,,,,,,,,
159500,2.3331835,1.8375218,,,,,,,,,,,,,,
159600,2.2516582,2.5793734,,,,,,,,,,,,,,
159700,2.4783702,1.7169,,,,,,,,,,,,,,
159800,2.9969249,3.8489995,,,,,,,,,,,,,,
159900,2.2069664,2.5756934,,,,,,,,,,,,,,
160000,2.3340468,2.9376915,,,,,,,,,,,,,,
160100,2.7444649,1.605275,,,,,,,,,,,,,,
160200,2.612134,1.7296288,,,,,,,,,,,,,,
160300,2.5021152,1.6262536,,,,,,,,,,,,,,
160400,2.3686588,1.9333161,,,,,,,,,,,,,,
160500,2.387255,1.5100157,,,,,,,,,,,,,,
160600,2.5518541,1.5802293,,,,,,,,,,,,,,
160700,2.4564562,3.0525818,,,,,,,,,,,,,,
160800,2.2749722,1.9750172,,,,,,,,,,,,,,
160900,2.5734606,3.3937285,,,,,,,,,,,,,,
161000,2.3489192,2.205681,,,,,,,,,,,,,,
161100,2.664645,1.6268884,,,,,,,,,,,,,,
161200,2.7604256,1.5826827,,,,,,,,,,,,,,
161300,2.2986495,1.4939281,,,,,,,,,,,,,,
161400,2.5135274,2.8382,,,,,,,,,,,,,,
161500,2.391803,1.4934168,,,,,,,,,,,,,,
161600,2.4854486,1.6596065,,,,,,,,,,,,,,
161700,2.3338625,1.4871581,,,,,,,,,,,,,,
161800,2.2707844,1.4182601,,,,,,,,,,,,,,
161900,2.5417695,1.6635351,,,,,,,,,,,,,,
162000,2.4535406,1.7393422,,,,,,,,,,,,,,
162100,2.344387,1.7344024,,,,,,,,,,,,,,
162200,2.2601943,1.5357699,,,,,,,,,,,,,,
162300,2.4228392,2.1160605,,,,,,,,,,,,,,
162400,2.0870945,2.5150428,,,,,,,,,,,,,,
162500,2.4596107,2.0253634,,,,,,,,,,,,,,
162600,2.360779,1.6807781,,,,,,,,,,,,,,
162700,2.2230344,2.074655,,,,,,,,,,,,,,
162800,2.541471,2.537729,,,,,,,,,,,,,,
162900,2.575647,3.331676,,,,,,,,,,,,,,
162974,,,0.870957,0.4826364,0.77349997,0.888662,50000.0,0.65440005,1.4877893,10000.0,79757.28538060188,82320.8290874958,79757.28538060188,2552.648300886154,6.572342157363892,0.0
162974,,,,,,,,,,,79757.28538060188,,,,,0.0
